invoice_number,status,invoice_date,submission_date,po_load,customer,customer_raw,age,invoice_amount,funded,reserves,reserves_excel,released_reserves,fees,carrier,carrier_invoice,carrier_pay,source_sheet,released,release_date,release_amount,release_source
37114,Funded,2025-12-31,2025-12-31,GROUND / MT2025122300034,Gofo Inc,GOFO INC.,3.0,7500.0,425.0,375.0,243.75,,131.25,SCR TRUCKING LLC,37114.0,6700.0,2025 Invoice List,false,,,
35908,Funded,2025-12-31,2025-12-31,REF#422651-PO#INV128108,Rentex,"RENTEX, INC/ HQ",3.0,1600.0,20.0,80.0,52.0,52.0,28.0,ZULA LLC,35908.0,1500.0,2025 Invoice List,true,,80.0,triumph
37119,Funded,2025-12-31,2025-12-31,MT2025122600009,Gofo Inc,GOFO INC.,3.0,7500.0,425.0,375.0,243.75,,131.25,SCR TRUCKING LLC,37119.0,6700.0,2025 Invoice List,false,,,
36515,Funded,2025-12-30,2025-12-30,EV25-0457-TPO00085,Sierra Live Productions,SIERRA LIVE PRODUCTIONS L.L.C.,4.0,1500.0,625.0,75.0,48.75,48.75,26.25,FANTASESAY & SON LLC,36515.0,800.0,2025 Invoice List,true,,75.0,triumph
37094,Funded,2025-12-30,2025-12-30,GROUND / MT2025122300009,Gofo Inc,GOFO INC.,4.0,7500.0,125.0,375.0,243.75,,131.25,SCR TRUCKING LLC,37094.0,7000.0,2025 Invoice List,false,,,
36734,Funded,2025-12-29,2025-12-29,EV25-0455-TPO-00088,Sierra Live Productions,SIERRA LIVE PRODUCTIONS L.L.C.,2.0,1525.0,268.75,76.25,49.5625,49.5625,26.6875,JJ TEAM TRANSPORT LLC,36734,1180.0,2025 Invoice List,true,,76.25,triumph
36971,Paid,2025-12-26,2025-12-26,P/U # CLTCNO71112012001 / MT202512130057,Gofo Inc,GOFO INC.,28.0,6500.0,-25.0,325.0,211.25,211.25,113.75,DA CARGO LLC,36971.0,6200.0,2025 Invoice List,true,,325.0,triumph
37030,Paid,2025-12-26,2025-12-26,P/U # EWRCNO5301218094 / MT2025121800119,Gofo Inc,GOFO INC.,28.0,7800.0,410.0,390.0,253.5,253.5,136.5,JAYKHUN CARGO LLC,37030.0,7000.0,2025 Invoice List,true,,390.0,triumph
36871,Funded,2025-12-26,2025-12-26,PU# EWRCN05301206030 / MT2025120700180,Gofo Inc,GOFO INC.,1.0,8500.0,75.0,425.0,276.25,276.25,148.75,DAY USA TRUCKING INC,36871,8000.0,2025 Invoice List,true,,425.0,triumph
37088,Funded,2025-12-26,2025-12-26,MT2025122000009,Gofo Inc,GOFO INC.,1.0,7500.0,125.0,375.0,243.75,,131.25,STAR TRUCKING US LLC,37088,7000.0,2025 Invoice List,false,,,
37073,Funded,2025-12-26,2025-12-26,GROUND / MT2025121900009,Gofo Inc,GOFO INC.,1.0,7500.0,25.0,375.0,243.75,,131.25,MISTER GINGER LLC,37073,7100.0,2025 Invoice List,false,,,
37064,Funded,2025-12-23,2025-12-23,GOFO GROUND / MT2025121800009,Gofo Inc,GOFO INC.,4.0,7500.0,-375.0,375.0,243.75,243.75,131.25,VIS INC,37064,7500.0,2025 Invoice List,true,,375.0,triumph
37055,Funded,2025-12-23,2025-12-23,PU:ATLCNO5301218002 / MT2025121900112,Gofo Inc,GOFO INC.,4.0,6500.0,175.0,325.0,211.25,211.25,113.75,SAM & GERRY TRUCKING INC,37005,6000.0,2025 Invoice List,true,,325.0,triumph
37002,Funded,2025-12-23,2025-12-23,ATLCNO5301216004 / MT2025121700555,Gofo Inc,GOFO INC.,4.0,7125.0,218.75,356.25,231.5625,231.5625,124.6875,NGOC AI LOGISTICS,37002,6550.0,2025 Invoice List,true,2026-04-07,356.25,flexent
36993,Funded,2025-12-23,2025-12-23,PU#:CLTCNO5301215001 / MT2025121600566,Gofo Inc,GOFO INC.,4.0,6500.0,175.0,325.0,211.25,211.25,113.75,SAM & GERRY TRUCKING INC,36993,6000.0,2025 Invoice List,true,,325.0,triumph
36972,Funded,2025-12-23,2025-12-23,P/U # EWRCNO7111212040 / MT2025121300182,Gofo Inc,GOFO INC.,4.0,8450.0,252.5,422.5,274.625,274.625,147.875,BLACKSTONE EXCLUSIVE INC,36972,7775.0,2025 Invoice List,true,2026-04-07,422.5,flexent
36958,Funded,2025-12-23,2025-12-23,ATLCNO53012011003 - TONU,Gofo Inc,GOFO INC.,4.0,500.0,125.0,25.0,16.25,16.25,8.75,DELTA PRIME LLC,36958,350.0,2025 Invoice List,true,,25.0,triumph
36852,Funded,2025-12-23,2025-12-23,P/U # ATLCNO5301205078 / MT2025120600113,Gofo Inc,GOFO INC.,4.0,6800.0,160.0,340.0,221.0,221.0,119.0,PEREGRINE INC,36852,6300.0,2025 Invoice List,true,,340.0,triumph
36957,Funded,2025-12-23,2025-12-23,ATLCNO53012011004 / MT2025121200109,Gofo Inc,GOFO INC.,4.0,6400.0,-420.0,320.0,208.0,208.0,112.0,DELTA PRIME LLC,36957,6500.0,2025 Invoice List,true,,320.0,triumph
36966,Funded,2025-12-23,2025-12-23,ATLCNO71112012003 / MT2025121300116,Gofo Inc,GOFO INC.,4.0,6400.0,-170.0,320.0,208.0,208.0,112.0,NGOC AI LOGISTICS,36966,6250.0,2025 Invoice List,true,,320.0,triumph
36967,Funded,2025-12-23,2025-12-23,ATLCNO71112012004 / MT2025121300115,Gofo Inc,GOFO INC.,4.0,6400.0,-275.0,320.0,208.0,208.0,112.0,NGOC AI LOGISTICS,36967,6355.0,2025 Invoice List,true,,320.0,triumph
36937,Funded,2025-12-23,2025-12-23,EWRCNO53012010041 / MT2025121100181,Gofo Inc,GOFO INC.,4.0,8000.0,2100.0,400.0,260.0,260.0,140.0,GG&E TRUCKING LLC,36937,5500.0,2025 Invoice List,true,,400.0,triumph
36889,Funded,2025-12-23,2025-12-23,P/U # EWRCNO5301207099 / MT2025120800028,Gofo Inc,GOFO INC.,4.0,8300.0,385.0,415.0,269.75,269.75,145.25,SCR TRUCKING LLC,36889,7500.0,2025 Invoice List,true,,415.0,triumph
36956,Funded,2025-12-23,2025-12-23,ATLCNO53012011002,Gofo Inc,GOFO INC.,4.0,6400.0,-320.0,320.0,208.0,208.0,112.0,CARGOPRIME CORPORATION,36956,6400.0,2025 Invoice List,true,,320.0,triumph
36973,Funded,2025-12-23,2025-12-23,P/U # ATLCNO5301213003 / MT2025121400116,Gofo Inc,GOFO INC.,4.0,6400.0,80.0,320.0,208.0,208.0,112.0,BORDERLANDERS INC,36973,6000.0,2025 Invoice List,true,,320.0,triumph
36974,Funded,2025-12-23,2025-12-23,P/U # CLTCNO5301213001 / MT2025121400570,Gofo Inc,GOFO INC.,4.0,6500.0,-175.0,325.0,211.25,211.25,113.75,BORDERLANDERS INC,36974,6350.0,2025 Invoice List,true,,325.0,triumph
36930,Funded,2025-12-23,2025-12-23,ATLCNO5301201002 / MT2025121100110,Gofo Inc,GOFO INC.,4.0,6400.0,-720.0,320.0,208.0,208.0,112.0,SAM & GERRY TRUCKING INC,36930,6800.0,2025 Invoice List,true,,320.0,triumph
36931,Funded,2025-12-23,2025-12-23,ATLCNO5301201003 / MT2025121100109,Gofo Inc,GOFO INC.,4.0,6400.0,-920.0,320.0,208.0,208.0,112.0,PROGRESSIVE CARRIERS CO,36931,7000.0,2025 Invoice List,true,,320.0,triumph
37061,Funded,2025-12-22,2025-12-22,LOAD #39988,"Global Foods, Inc.","GLOBAL FOODS, INC.",5.0,740.0,-47.0,37.0,24.05,24.05,12.95,CMX CARRIER LLC,37061,750.0,2025 Invoice List,true,,37.0,triumph
37054,Funded,2025-12-22,2025-12-22,LOAD #39992,"Global Foods, Inc.","GLOBAL FOODS, INC.",5.0,740.0,-47.0,37.0,24.05,24.05,12.95,GM EXPEDITE LLC,37054,750.0,2025 Invoice List,true,,37.0,triumph
36354,Funded,2025-12-18,2025-12-18,REF# T467403 T467451-PO#INV129676,Rentex,"RENTEX, INC/ HQ",9.0,3300.0,335.0,165.0,107.25,107.25,57.75,BERO  TRANSPORT CORP,36354,2800.0,2025 Invoice List,true,,165.0,triumph
36904,Funded,2025-12-18,2025-12-18,LOAD NO: #39753,"Global Foods, Inc.","GLOBAL FOODS, INC.",9.0,2080.0,-524.0,104.0,67.6,67.60000000000001,36.4,GREGORY H GREENE TRUCKING LLC,36904,2500.0,2025 Invoice List,true,,104.0,triumph
36756,Funded,2025-12-17,2025-12-17,REF#471347PO#INV131040,Rentex,"RENTEX, INC/ HQ",10.0,550.0,172.5,27.5,17.875,17.875,9.625,QUAD TRUCKING & SERVICES LLC,36756,350.0,2025 Invoice List,true,,27.5,triumph
36303,Funded,2025-12-17,2025-12-17,PO#INV129521 - REF#467375,Rentex,"RENTEX, INC/ HQ",10.0,675.0,-188.75,33.75,21.9375,21.9375,11.8125,LEOVANNI'S TRANSPORT LLC,36303,830.0,2025 Invoice List,true,,33.75,triumph
36893,Funded,2025-12-17,2025-12-17,REF#472887 PO#INV131433,Rentex,"RENTEX, INC/ HQ",10.0,600.0,150.0,30.0,19.5,19.5,10.5,DW CARRIER & LOGISTICS LLC,36893,420.0,2025 Invoice List,true,,30.0,triumph
36969,Funded,2025-12-17,2025-12-17,TPO-00094,Sierra Live Productions,SIERRA LIVE PRODUCTIONS L.L.C.,10.0,850.0,357.5,42.5,27.625,27.625,14.875,ZUBR FREIGHT LLC,36969,225.0,2025 Invoice List,true,,42.5,triumph
36920,Funded,2025-12-17,2025-12-17,REF#473634PO#INV131544,Rentex,"RENTEX, INC/ HQ",10.0,550.0,337.5,27.5,17.875,17.875,9.625,PLOGIN LOGISTICS LLC,36920,185.0,2025 Invoice List,true,,27.5,triumph
36985,Funded,2025-12-17,2025-12-17,TPO-00094,Sierra Live Productions,SIERRA LIVE PRODUCTIONS L.L.C.,10.0,1100.0,145.0,55.0,35.75,17.875,19.25,AXPER LLC,36985,900.0,2025 Invoice List,true,,55.0,triumph
36885,Funded,2025-12-15,2025-12-15,EWRCNO5301208025,Gofo Inc,GOFO INC.,12.0,7800.0,-90.0,390.0,253.5,253.5,136.5,MG EXPRESS TRUCKING LLC,36885,7500.0,2025 Invoice List,true,,390.0,triumph
36888,Funded,2025-12-15,2025-12-15,P/U # ATLCNO5301208072,Gofo Inc,GOFO INC.,12.0,6400.0,180.0,320.0,208.0,208.0,112.0,JS CARGO TRUCKLINE INC,36888,5900.0,2025 Invoice List,true,,320.0,triumph
36557,Funded,2025-12-15,2025-12-15,PO#INV130368REF#466963,Rentex,"RENTEX, INC/ HQ",12.0,550.0,172.5,27.5,17.875,17.875,9.625,DHANA LOGISTICS INC,36557,350.0,2025 Invoice List,true,,27.5,triumph
35795,Funded,2025-12-12,2025-12-12,PU#: MIACNO5301027008,Gofo Inc,GOFO INC.,15.0,6800.0,360.0,340.0,221.0,221.0,119.0,Show Freight Inc,35795,6100.0,2025 Invoice List,true,,340.0,triumph
36905,Funded,2025-12-12,2025-12-12,P/U # ATLCNO5301209004,Gofo Inc,GOFO INC.,15.0,6400.0,180.0,320.0,208.0,208.0,112.0,MANJOT SINGH,36905,5900.0,2025 Invoice List,true,,320.0,triumph
36878,Funded,2025-12-12,2025-12-12,P/U #EWRCNO5301207019,Gofo Inc,GOFO INC.,15.0,8200.0,-10.0,410.0,266.5,266.5,143.5,KING MONEY TRUCKING LLC,36878,7800.0,2025 Invoice List,true,,410.0,triumph
36842,Funded,2025-12-12,2025-12-12,#EWRCNO5301204061,Gofo Inc,GOFO INC.,15.0,8500.0,575.0,425.0,276.25,276.25,148.75,3D LOGISTICS LLC,36842,7500.0,2025 Invoice List,true,,425.0,triumph
36752,Funded,2025-12-11,2025-12-11,PO#INV131021/REF#472142,Rentex,"RENTEX, INC/ HQ",16.0,600.0,170.0,30.0,19.5,19.5,10.5,RIX LOGISTICS LLC,36752,400.0,2025 Invoice List,true,,30.0,triumph
36876,Funded,2025-12-11,2025-12-11,PU# IAHCNO5301207030,Gofo Inc,GOFO INC.,16.0,6000.0,200.0,300.0,195.0,195.0,105.0,STRAIGHT CARGO LLC,36876,5500.0,2025 Invoice List,true,,300.0,triumph
36875,Funded,2025-12-11,2025-12-11,PU# DENCNO5301207031,Gofo Inc,GOFO INC.,16.0,5500.0,325.0,275.0,178.75,178.75,96.25,DM WORLD TRANSPORTATION LLC,36875,4900.0,2025 Invoice List,true,,275.0,triumph
36870,Funded,2025-12-11,2025-12-11,GOFO GROUND,Gofo Inc,GOFO INC.,16.0,7200.0,-160.0,360.0,234.0,234.0,126.0,BORDERLANDERS INC,36870,7000.0,2025 Invoice List,true,,360.0,triumph
36406,Funded,2025-12-11,2025-12-11,REF#468831 - PO#INV129849,Rentex,"RENTEX, INC/ HQ",16.0,800.0,160.0,40.0,26.0,26.0,14.0,MARQUEZ SERVICES INC,36406,600.0,2025 Invoice List,true,,40.0,triumph
36682,Funded,2025-12-11,2025-12-11,REF#470859/456370PO#INV130767,Rentex,"RENTEX, INC/ HQ",16.0,550.0,122.5,27.5,17.875,17.875,9.625,GOOD QUALITY SERVICES CORP,36682,400.0,2025 Invoice List,true,,27.5,triumph
36836,Funded,2025-12-11,2025-12-11,#EWRCNO5301205067,Gofo Inc,GOFO INC.,16.0,8800.0,285.0,440.0,286.0,286.0,154.0,GOLDPRO TRANSPORT INC,36836,8075.0,2025 Invoice List,true,,440.0,triumph
36823,Funded,2025-12-11,2025-12-11,#EWRCNO5301205066,Gofo Inc,GOFO INC.,16.0,8500.0,575.0,425.0,276.25,276.25,148.75,GG&E TRUCKING LLC,36823,7500.0,2025 Invoice List,true,,425.0,triumph
36644,Funded,2025-12-11,2025-12-11,PO#INV130682/REF#471072,Rentex,"RENTEX, INC/ HQ",16.0,600.0,170.0,30.0,19.5,19.5,10.5,LANDSEA TRANSPORTATION INC,36644,400.0,2025 Invoice List,true,,30.0,triumph
36850,Funded,2025-12-10,2025-12-10,P/U # EWRCNO5301205112,Gofo Inc,GOFO INC.,17.0,8500.0,375.0,425.0,276.25,276.25,148.75,DELTA PRIME LLC,36850,7700.0,2025 Invoice List,true,,425.0,triumph
36859,Funded,2025-12-10,2025-12-10,P/U # ATLCNO5301205003,Gofo Inc,GOFO INC.,17.0,7300.0,-65.0,365.0,237.25,237.25,127.75,CLEANPEACE EXPRESS LLC,36859,7000.0,2025 Invoice List,true,,365.0,triumph
36872,Funded,2025-12-10,2025-12-10,"""GOFO GROUND""",Gofo Inc,GOFO INC.,17.0,8800.0,360.0,440.0,286.0,286.0,154.0,STRAIGHT CARGO LLC,36872,8000.0,2025 Invoice List,true,,440.0,triumph
36270,Funded,2025-12-10,2025-12-10,REF#TRANSFER RENTEX LV-PHX 11/10 - PO#IN,Rentex,"RENTEX, INC/ HQ",17.0,1150.0,242.5,57.5,37.375,37.375,20.125,AXPER LLC,36270,850.0,2025 Invoice List,true,,57.5,triumph
36848,Funded,2025-12-10,2025-12-10,PU# EWRCNO5301205096,Gofo Inc,GOFO INC.,17.0,8950.0,302.5,447.5,290.875,290.875,156.625,VGT TRANSPORTATION INC,36848,8200.0,2025 Invoice List,true,,447.5,triumph
36499,Funded,2025-12-09,2025-12-09,REF#467419-PO#INV130164,Rentex,"RENTEX, INC/ HQ",18.0,750.0,262.5,37.5,24.375,24.375,13.125,KABA WEGA GROUP LLC,36499,450.0,2025 Invoice List,true,,37.5,triumph
36834,Funded,2025-12-09,2025-12-09,#EWRCNO5301205065,Gofo Inc,GOFO INC.,18.0,8500.0,-225.0,425.0,276.25,276.25,148.75,JADE TRANSPORT,36834,8300.0,2025 Invoice List,true,,425.0,triumph
36849,Funded,2025-12-09,2025-12-09,P/U # EWRCN05301205097,Gofo Inc,GOFO INC.,18.0,8500.0,575.0,425.0,276.25,276.25,148.75,AG CARRIER INC,36849,7500.0,2025 Invoice List,true,,425.0,triumph
36851,Funded,2025-12-09,2025-12-09,P/U # MIACNO5301205096,Gofo Inc,GOFO INC.,18.0,9800.0,610.0,490.0,318.5,318.5,171.5,Y & G LOGISTIC INC,36851,8700.0,2025 Invoice List,true,,490.0,triumph
36847,Funded,2025-12-09,2025-12-09,PU# EWRCNO5301205095,Gofo Inc,GOFO INC.,18.0,8500.0,275.0,425.0,276.25,276.25,148.75,ABZ GLOBAL CORP,36847,7800.0,2025 Invoice List,true,,425.0,triumph
36665,Funded,2025-12-09,2025-12-09,PO#INV130729REF#471583,Rentex,"RENTEX, INC/ HQ",18.0,750.0,162.5,37.5,24.375,24.375,13.125,COGE LOGISTICS LLC,36665,550.0,2025 Invoice List,true,,37.5,triumph
36496,Funded,2025-12-09,2025-12-09,REF#439969-PO#INV130158,Rentex,"RENTEX, INC/ HQ",18.0,550.0,172.5,27.5,17.875,17.875,9.625,COGE LOGISTICS LLC,36496,350.0,2025 Invoice List,true,,27.5,triumph
36858,Funded,2025-12-09,2025-12-09,P/U # ATLCNO5301205002,Gofo Inc,GOFO INC.,18.0,7750.0,-137.5,387.5,251.875,251.875,135.625,UE LINE INC,36858,7500.0,2025 Invoice List,true,2026-04-07,387.5,flexent
36853,Funded,2025-12-09,2025-12-09,P/U # ATLCNO5301205077,Gofo Inc,GOFO INC.,18.0,6800.0,160.0,340.0,221.0,221.0,119.0,NGOC AI LOGISTICS,36853,6300.0,2025 Invoice List,true,,340.0,triumph
36645,Funded,2025-12-08,2025-12-08,PO#INV130682REF#471072,Rentex,"RENTEX, INC/ HQ",19.0,600.0,170.0,30.0,19.5,19.5,10.5,RIX LOGISTICS LLC,36645,400.0,2025 Invoice List,true,,30.0,triumph
36568,Funded,2025-12-08,2025-12-08,PO#INV130491REF#470445,Rentex,"RENTEX, INC/ HQ",19.0,900.0,200.0,45.0,29.25,29.25,15.75,CARGO CHAMPION LLC,36568,655.0,2025 Invoice List,true,,45.0,triumph
36751,Funded,2025-12-04,2025-12-04,PO#INV131021/REF#472142,Rentex,"RENTEX, INC/ HQ",23.0,600.0,170.0,30.0,19.5,19.5,10.5,RIX LOGISTICS LLC,36751,400.0,2025 Invoice List,true,,30.0,triumph
36567,Funded,2025-12-04,2025-12-04,PO#INV130491REF#470445,Rentex,"RENTEX, INC/ HQ",23.0,650.0,102.5,32.5,21.125,21.125,11.375,STEADFAST SHIPPING LLC,36567,515.0,2025 Invoice List,true,,32.5,triumph
35934,Held,2025-12-04,2025-12-04,PO#-01K8NYJECAQQ84Z5,Checksammy Inc,CHECKSAMMY INC,23.0,850.0,,42.5,27.625,,14.875,LCR TRANSPORTATION INC,35934,1000.0,2025 Invoice List,false,,,
36680,Funded,2025-12-02,2025-12-02,PO#INV130759REF#471695,Rentex,"RENTEX, INC/ HQ",25.0,600.0,170.0,30.0,19.5,19.5,10.5,MARQUEZ SERVICES INC,36680,400.0,2025 Invoice List,true,,30.0,triumph
36405,Funded,2025-12-02,2025-12-02,REF#469368 - PO#INV129835,Rentex,"RENTEX, INC/ HQ",25.0,1385.0,215.75,69.25,45.0125,45.0125,24.2375,HLT FLEET LLC,36405,1100.0,2025 Invoice List,true,,69.25,triumph
35907,Funded,2025-12-01,2025-12-01,REF#422651-PO#INV128108,Rentex,"RENTEX, INC/ HQ",26.0,1600.0,370.0,80.0,52.0,52.0,28.0,AJUTRUCKING LLC,35907,1150.0,2025 Invoice List,true,,80.0,triumph
36514,Funded,2025-12-01,2025-12-01,EV25-0457-TPO00084,Sierra Live Productions,SIERRA LIVE PRODUCTIONS L.L.C.,26.0,1500.0,525.0,75.0,48.75,48.75,26.25,AXPER LLC,36514,900.0,2025 Invoice List,true,,75.0,triumph
36664,Funded,2025-12-01,2025-12-01,PO#INV130729REF#471583,Rentex,"RENTEX, INC/ HQ",26.0,850.0,157.5,42.5,27.625,27.625,14.875,COGE LOGISTICS LLC,36664,650.0,2025 Invoice List,true,,42.5,triumph
36158,Funded,2025-12-01,2025-12-01,TPO-00074,Sierra Live Productions,SIERRA LIVE PRODUCTIONS L.L.C.,26.0,7125.0,1268.75,356.25,231.5625,231.5625,124.6875,SIMON LOGISTICS LLC,36158,5500.0,2025 Invoice List,true,,356.25,triumph
36047,Funded,2025-11-26,2025-11-26,REF#460824-PO#INV128552,Rentex,"RENTEX, INC/ HQ",31.0,750.0,62.5,37.5,24.375,24.375,13.125,TOLEFREE & COMPANY LLC,36047,650.0,2025 Invoice List,true,,37.5,triumph
36256,Funded,2025-11-26,2025-11-26,PO# INV129237/REF# 467640,Rentex,"RENTEX, INC/ HQ",31.0,400.0,130.0,20.0,13.0,13.0,7.0,SPEED VALLEY TRANSPORT LLC,36256,250.0,2025 Invoice List,true,,20.0,triumph
36302,Funded,2025-11-26,2025-11-26,PO#INV129521 - REF#467375,Rentex,"RENTEX, INC/ HQ",31.0,675.0,161.25,33.75,21.9375,21.9375,11.8125,S&S TRANSPORT INDUSTRIES LLC,36302,480.0,2025 Invoice List,true,,33.75,triumph
36304,Funded,2025-11-26,2025-11-26,PO#INV130270REF# TRANSFER RENTEXLV-PHX-,Rentex,"RENTEX, INC/ HQ",31.0,3750.0,62.5,187.5,121.875,121.875,65.625,TRUCKLAND INC,36304,3500.0,2025 Invoice List,true,,187.5,triumph
36043,Funded,2025-11-26,2025-11-26,REF#460824-PO#INV128552,Rentex,"RENTEX, INC/ HQ",31.0,750.0,62.5,37.5,24.375,24.375,13.125,A.J. EXPRESS TRUCKING INC.,36043,650.0,2025 Invoice List,true,,37.5,triumph
36614,Funded,2025-11-25,2025-11-25,PO#INV130640REF#TRANSFER RENTEX CHI-NASH,Rentex,"RENTEX, INC/ HQ",32.0,2000.0,805.0,100.0,65.0,65.0,35.0,RUSS EXP COMPANY,36614,1095.0,2025 Invoice List,true,,100.0,triumph
36591,Paid,2025-11-25,2025-11-25,PO#INV130568REF#471155,Rentex,RENTEX INCORPORATED/ NV,21.0,1200.0,340.0,60.0,39.0,39.0,21.0,Empire National Inc,36591,800.0,2025 Invoice List,true,,60.0,triumph
36039,Funded,2025-11-25,2025-11-25,REF#460824-PO#INV128552,Rentex,"RENTEX, INC/ HQ",32.0,750.0,112.5,37.5,24.375,24.375,13.125,IAU CONSORTIUM LLC,36039,600.0,2025 Invoice List,true,,37.5,triumph
36547,Paid,2025-11-25,2025-11-25,36547,Ironclad Environmental,IRONCLAD ENVIRONMENTAL SOLUTIONS LLC,32.0,1800.0,310.0,90.0,58.5,58.5,31.5,OZKAMA LOGISTICS LLC,36547,1400.0,2025 Invoice List,true,,90.0,triumph
36519,Funded,2025-11-25,2025-11-25,REF#469915-PO#INV130210,Rentex,"RENTEX, INC/ HQ",32.0,600.0,170.0,30.0,19.5,19.5,10.5,MARQUEZ SERVICES INC,36519,400.0,2025 Invoice List,true,,30.0,triumph
36424,Funded,2025-11-25,2025-11-25,REF#469427-PO#INV129910,Rentex,"RENTEX, INC/ HQ",32.0,500.0,75.0,25.0,16.25,16.25,8.75,AXPER LLC,36424,400.0,2025 Invoice List,true,,25.0,triumph
36187,Funded,2025-11-25,2025-11-25,REF#457531-PO#INV128869,Rentex,"RENTEX, INC/ HQ",32.0,600.0,170.0,30.0,19.5,19.5,10.5,FRESH START TRUCKING LLC,36187,400.0,2025 Invoice List,true,,30.0,triumph
36575,Funded,2025-11-24,2025-11-24,PO#INV130533REF# TRANSFER RENTEX ANA-LV,Rentex,"RENTEX, INC/ HQ",33.0,1200.0,340.0,60.0,39.0,39.0,21.0,E A HUEJUCAR TRANSPORT LLC,36575,800.0,2025 Invoice List,true,,60.0,triumph
36157,Funded,2025-11-24,2025-11-24,TPO-00073,Sierra Live Productions,SIERRA LIVE PRODUCTIONS L.L.C.,33.0,7125.0,1268.75,356.25,231.5625,231.5625,124.6875,SIMON LOGISTICS LLC,36157,5500.0,2025 Invoice List,true,,356.25,triumph
36231,Funded,2025-11-24,2025-11-24,REF#TRANSFER RENTEX LV-WDC 11/11PO#INV1,Rentex,"RENTEX, INC/ HQ",33.0,6750.0,492.5,337.5,219.375,219.375,118.125,NAYEL TRUCKING LLC,36231,5920.0,2025 Invoice List,true,,337.5,triumph
36306,Funded,2025-11-24,2025-11-24,REF#427351 - PO#INV128744,Rentex,"RENTEX, INC/ HQ",33.0,800.0,160.0,40.0,26.0,26.0,14.0,COGE LOGISTICS LLC,36306,600.0,2025 Invoice List,true,,40.0,triumph
36426,Funded,2025-11-21,2025-11-21,REF#ORL-DAL-VEG 11/17-PO#INV129937,Rentex,"RENTEX, INC/ HQ",36.0,5200.0,540.0,260.0,169.0,169.0,91.0,JET CARGO EXPRESS LLC,36426,4400.0,2025 Invoice List,true,,260.0,triumph
36411,Funded,2025-11-21,2025-11-21,LOAD ID: 01K9YM4TTFVE9AAAPO/REF #: 01K9,Checksammy Inc,CHECKSAMMY INC,36.0,790.0,-299.5,39.5,25.675,25.675,13.825,PREMIUM CARGO INC,36411,1050.0,2025 Invoice List,true,,39.5,triumph
36305,Funded,2025-11-21,2025-11-21,REF#427351 - PO#INV128744,Rentex,"RENTEX, INC/ HQ",36.0,800.0,160.0,40.0,26.0,26.0,14.0,COGE LOGISTICS LLC,36305,600.0,2025 Invoice List,true,,40.0,triumph
36545,Funded,2025-11-21,2025-11-21,REF# 457573/457576/457567/457565/457561-,Rentex,"RENTEX, INC/ HQ",36.0,750.0,212.5,37.5,24.375,24.375,13.125,SIRCO LOGISTIC LLC,36545,500.0,2025 Invoice List,true,,37.5,triumph
36425,Funded,2025-11-20,2025-11-20,REF#469313-PO#INV129912,Rentex,"RENTEX, INC/ HQ",37.0,500.0,75.0,25.0,16.25,16.25,8.75,MARQUEZ SERVICES INC,36425,400.0,2025 Invoice List,true,,25.0,triumph
36381,Funded,2025-11-20,2025-11-20,REF# 457573/457576/457567/457565/457561-,Rentex,"RENTEX, INC/ HQ",37.0,750.0,337.5,37.5,24.375,24.375,13.125,DAD GANG TRUCKING LLC,36381,375.0,2025 Invoice List,true,,37.5,triumph
36281,Funded,2025-11-20,2025-11-20,PTX-0467279C-S1,Checksammy Inc,CHECKSAMMY INC,37.0,1350.0,282.5,67.5,43.875,,23.625,ANDY S PEREZ,36281,1000.0,2025 Invoice List,false,,,
36166,Funded,2025-11-20,2025-11-20,LOAD ID: 01K98D2JHMXRZ83X PO/REF #: 01K,Checksammy Inc,CHECKSAMMY INC,37.0,250.0,37.5,12.5,8.125,8.125,4.375,MIDWEST LINE LLC,36166,200.0,2025 Invoice List,true,,12.5,triumph
36185,Funded,2025-11-20,2025-11-20,REF#457531-PO#INV128869,Rentex,"RENTEX, INC/ HQ",37.0,600.0,195.0,30.0,19.5,19.5,10.5,MIDWEST LINE LLC,36185,375.0,2025 Invoice List,true,,30.0,triumph
35876,Funded,2025-11-20,2025-11-20,PO#-01K8NW03EZ9YCAT0,Checksammy Inc,CHECKSAMMY INC,37.0,250.0,87.5,12.5,8.125,8.125,4.375,PREET TRANSPORTATION INC,35876,150.0,2025 Invoice List,true,,12.5,triumph
36255,Paid,2025-11-20,2025-11-20,PO# INV129237/REF# 467640,Rentex,RENTEX INCORPORATED/ NV,26.0,600.0,170.0,30.0,19.5,19.5,10.5,2131 TRANSPORTATION LLC,36255,400.0,2025 Invoice List,true,,30.0,triumph
35921,Funded,2025-11-19,2025-11-19,01K8TNSM3E74SQ61,Checksammy Inc,CHECKSAMMY INC,38.0,625.0,-46.25,31.25,20.3125,20.3125,10.9375,DBP EXPRESS LLC,35921,640.0,2025 Invoice List,true,,31.25,triumph
36423,Funded,2025-11-19,2025-11-19,PTX-21AFC3E8,Checksammy Inc,CHECKSAMMY INC,38.0,280.0,16.0,14.0,9.1,,4.9,OPEYEMI ETRANSPORTATION LLC,36423,250.0,2025 Invoice List,false,,,
36153,Funded,2025-11-19,2025-11-19,01K982KMZZV7A4MK,Checksammy Inc,CHECKSAMMY INC,38.0,650.0,67.5,32.5,21.125,21.125,11.375,BWE TRANSPORT INC,36153,550.0,2025 Invoice List,true,,32.5,triumph
35770,Funded,2025-11-19,2025-11-19,PO#-1K8K33FWJP2C769,Checksammy Inc,CHECKSAMMY INC,38.0,500.0,200.0,25.0,16.25,16.25,8.75,ALMIGHTY TRUCKING LLC,35770,275.0,2025 Invoice List,true,,25.0,triumph
35873,Funded,2025-11-19,2025-11-19,REF#464070-PO#INV128035,Rentex,"RENTEX, INC/ HQ",38.0,650.0,267.5,32.5,21.125,21.125,11.375,RAPIDFOX TRANSPORTATION LLC,35873,350.0,2025 Invoice List,true,,32.5,triumph
36046,Funded,2025-11-18,2025-11-18,REF#460824-PO#INV128552,Rentex,"RENTEX, INC/ HQ",39.0,750.0,-187.5,37.5,24.375,24.375,13.125,ROAD LIFE  LLC,36046,900.0,2025 Invoice List,true,,37.5,triumph
36210,Funded,2025-11-18,2025-11-18,REF#457458 / PO#INV128962,Rentex,"RENTEX, INC/ HQ",39.0,925.0,278.75,46.25,30.0625,30.0625,16.1875,MELABBY TRUCKING LLC,36210,600.0,2025 Invoice List,true,,46.25,triumph
36221,Funded,2025-11-18,2025-11-18,REF#467369 / PO#INV129035,Rentex,"RENTEX, INC/ HQ",39.0,825.0,183.75,41.25,26.8125,26.8125,14.4375,COGE LOGISTICS LLC,36221,600.0,2025 Invoice List,true,,41.25,triumph
36220,Funded,2025-11-18,2025-11-18,REF#467369 / PO#INV129035,Rentex,"RENTEX, INC/ HQ",39.0,825.0,133.75,41.25,26.8125,26.8125,14.4375,COGE LOGISTICS LLC,36220,650.0,2025 Invoice List,true,,41.25,triumph
36078,Funded,2025-11-18,2025-11-18,PO#INV128582-REF#465712,Rentex,"RENTEX, INC/ HQ",39.0,600.0,170.0,30.0,19.5,19.5,10.5,CARL WILLIAMSON,36078,400.0,2025 Invoice List,true,,30.0,triumph
36443,Funded,2025-11-18,2025-11-18,REF#469593PO#INV129933,Rentex,"RENTEX, INC/ HQ",39.0,650.0,217.5,32.5,21.125,21.125,11.375,BUFFALO RIDGE GROUP LLC,36443,400.0,2025 Invoice List,true,,32.5,triumph
36134,Funded,2025-11-18,2025-11-18,REF#448385-PO#INV128690,Rentex,"RENTEX, INC/ HQ",39.0,1150.0,392.5,57.5,37.375,37.375,20.125,MELABBY TRUCKING LLC,36134,700.0,2025 Invoice List,true,,57.5,triumph
35926,Funded,2025-11-18,2025-11-18,REF#459820 / PO#INV128190,Rentex,"RENTEX, INC/ HQ",39.0,925.0,178.75,46.25,30.0625,30.0625,16.1875,MELABBY TRUCKING LLC,35926,700.0,2025 Invoice List,true,,46.25,triumph
36135,Funded,2025-11-17,2025-11-17,REF#448385-PO#INV128690,Rentex,"RENTEX, INC/ HQ",40.0,1150.0,392.5,57.5,37.375,37.375,20.125,ECOMM TRANSIT LLC,36135,700.0,2025 Invoice List,true,,57.5,triumph
36404,Funded,2025-11-17,2025-11-17,REF#469368PO#INV129835,Rentex,"RENTEX, INC/ HQ",40.0,1385.0,215.75,69.25,45.0125,45.0125,24.2375,HLT FLEET LLC,36404,1100.0,2025 Invoice List,true,,69.25,triumph
35847,Funded,2025-11-17,2025-11-17,REF#463463 / PO#INV127909,Rentex,"RENTEX, INC/ HQ",40.0,1000.0,150.0,50.0,32.5,32.5,17.5,HLT FLEET LLC,35847,800.0,2025 Invoice List,true,,50.0,triumph
36107,Funded,2025-11-17,2025-11-17,REF#TRANS NASH-CHI-PO#INV128624,Rentex,"RENTEX, INC/ HQ",40.0,1625.0,593.75,81.25,52.8125,52.8125,28.4375,JOHAL CARRIER INC,36107,950.0,2025 Invoice List,true,,81.25,triumph
36036,Funded,2025-11-17,2025-11-17,REF#460824-PO#INV128552,Rentex,"RENTEX, INC/ HQ",40.0,1225.0,163.75,61.25,39.8125,39.8125,21.4375,A NEW BEGINNING VENTURES INC,36036,1000.0,2025 Invoice List,true,,61.25,triumph
36184,Funded,2025-11-14,2025-11-14,REF#464447-PO#INV128868,Rentex,"RENTEX, INC/ HQ",43.0,600.0,285.0,30.0,19.5,19.5,10.5,EML TRANSPORTATION INC,36184,285.0,2025 Invoice List,true,,30.0,triumph
36234,Funded,2025-11-14,2025-11-14,REF# 464323 & 466838PO#INV129149,Rentex,"RENTEX, INC/ HQ",43.0,775.0,183.75,38.75,25.1875,25.1875,13.5625,VIRTUAL PRECISION RESPONSE LLC,36234,552.5,2025 Invoice List,true,,38.75,triumph
36041,Funded,2025-11-14,2025-11-14,REF#460824PO#INV128552,Rentex,"RENTEX, INC/ HQ",43.0,1500.0,625.0,75.0,48.75,48.75,26.25,ROAD LIFE  LLC,36041,800.0,2025 Invoice List,true,,75.0,triumph
36241,Funded,2025-11-14,2025-11-14,PO#INV129199,Rentex,"RENTEX, INC/ HQ",43.0,500.0,195.0,25.0,16.25,16.25,8.75,Ruling LLC,36241,280.0,2025 Invoice List,true,,25.0,triumph
35924,Funded,2025-11-14,2025-11-14,REF#459820 - PO#INV128190,Rentex,"RENTEX, INC/ HQ",43.0,925.0,278.75,46.25,30.0625,30.0625,16.1875,ECOMM TRANSIT LLC,35924,600.0,2025 Invoice List,true,,46.25,triumph
35846,Funded,2025-11-14,2025-11-14,REF#463463 / PO#INV127909,Rentex,"RENTEX, INC/ HQ",43.0,1000.0,200.0,50.0,32.5,32.5,17.5,DOCK TO DOCK LLC,35846,750.0,2025 Invoice List,true,,50.0,triumph
35733,Funded,2025-11-14,2025-11-14,REF#444351-PO#INV127553,Rentex,"RENTEX, INC/ HQ",43.0,750.0,312.5,37.5,24.375,24.375,13.125,GALLO EXPRESS LLC,35733,400.0,2025 Invoice List,true,,37.5,triumph
35567,Funded,2025-11-14,2025-11-14,384083,Ironclad Environmental,IRONCLAD ENVIRONMENTAL SOLUTIONS LLC,43.0,2175.0,316.25,108.75,70.6875,70.6875,38.0625,SUNSET TRUCKING INC,35567,1750.0,2025 Invoice List,true,,108.75,triumph
35747,Funded,2025-11-14,2025-11-14,PO 384882,Ironclad Environmental,IRONCLAD ENVIRONMENTAL SOLUTIONS LLC,43.0,1450.0,177.5,72.5,47.125,47.125,25.375,DESERT EAGLE TRANSPORTATION LLC,35747,1200.0,2025 Invoice List,true,,72.5,triumph
35925,Funded,2025-11-14,2025-11-14,PO# 386873,Ironclad Environmental,IRONCLAD ENVIRONMENTAL SOLUTIONS LLC,43.0,2000.0,350.0,100.0,65.0,65.0,35.0,ROAD WIZARDS INC,35925,1550.0,2025 Invoice List,true,,100.0,triumph
35913,Funded,2025-11-14,2025-11-14,PO# 386875,Ironclad Environmental,IRONCLAD ENVIRONMENTAL SOLUTIONS LLC,43.0,1350.0,282.5,67.5,43.875,43.875,23.625,RUSH TRANSPORT SERVICES LLC,35913,1000.0,2025 Invoice List,true,,67.5,triumph
36205,Funded,2025-11-14,2025-11-14,PO# 386871,Ironclad Environmental,IRONCLAD ENVIRONMENTAL SOLUTIONS LLC,43.0,1600.0,320.0,80.0,52.0,52.0,28.0,DNM EXPRESS LLC,36205,1200.0,2025 Invoice List,true,,80.0,triumph
35909,Paid,2025-11-14,2025-11-14,385570,Ironclad Environmental,IRONCLAD ENVIRONMENTAL SOLUTIONS LLC,43.0,1400.0,330.0,70.0,45.5,45.5,24.5,CB FREIGHT INC,35909,1000.0,2025 Invoice List,true,,70.0,triumph
35614,Funded,2025-11-14,2025-11-14,REF#461201-PO#INV127156,Rentex,"RENTEX, INC/ HQ",43.0,800.0,185.0,40.0,26.0,26.0,14.0,COGE LOGISTICS LLC,35614,575.0,2025 Invoice List,true,,40.0,triumph
35709,Short Paid,2025-11-14,2025-11-14,PO#384881,Ironclad Environmental,IRONCLAD ENVIRONMENTAL SOLUTIONS LLC,55.0,600.0,350.0,30.0,19.5,19.5,10.5,Show Freight Inc,35709.0,350.0,2025 Invoice List,true,,30.0,triumph
36236,Paid,2025-11-13,2025-11-13,36236,Insomniac,"INSOMNIAC/LIVE NATION ENTERTAINMENT, INC.",30.0,875.0,-138.75,43.75,28.4375,28.4375,15.3125,OAIK BOX TRUCK LOGISTICS LLC,36236,970.0,2025 Invoice List,true,,43.75,triumph
35526,Paid,2025-11-12,2025-11-12,REF#460423-PO#INV126686,Rentex,(DNU) RENTEX INCORPORATED/ NJ,34.0,1085.0,330.75,54.25,35.2625,19.5,18.9875,GLOBEMASTER INCORPORATED,35526.0,700.0,2025 Invoice List,true,,54.25,triumph
35935,Paid,2025-11-10,2025-11-10,PO# 386874,Ironclad Environmental,IRONCLAD ENVIRONMENTAL SOLUTIONS LLC,47.0,2000.0,400.0,100.0,65.0,65.0,35.0,EMPIRE HAULING LLC,35935,1500.0,2025 Invoice List,true,,100.0,triumph
35931,Paid,2025-11-05,2025-11-05,PO#INV128200,Rentex,RENTEX INCORPORATED/ NV,41.0,1250.0,287.5,62.5,40.625,40.625,21.875,AXPER LLC,35931,900.0,2025 Invoice List,true,,62.5,triumph
35896,Paid,2025-11-05,2025-11-05,PO#INV128088-REF# TRAN ANA-LV 10/29,Rentex,RENTEX INCORPORATED/ NV,41.0,1500.0,225.0,75.0,48.75,48.75,26.25,ONE WAY LOGISTICS INC,35896,1200.0,2025 Invoice List,true,,75.0,triumph
35799,Paid,2025-11-05,2025-11-05,PO#INV127788-REF# TRAN AAA-PHX,Rentex,RENTEX INCORPORATED/ NV,41.0,1300.0,285.0,65.0,42.25,42.25,22.75,ALENSUE LOGISTICS LLC,35799,950.0,2025 Invoice List,true,,65.0,triumph
35798,Paid,2025-11-05,2025-11-05,PO#INV127787-REF#TR LV-PHX 10/27,Rentex,RENTEX INCORPORATED/ NV,41.0,1000.0,250.0,50.0,32.5,32.5,17.5,SOUTHERN RENAISSANCE TRANSPORT LLC,35798,700.0,2025 Invoice List,true,,50.0,triumph
35735,Paid,2025-11-05,2025-11-05,PO#INV127611-REF#463160,Rentex,RENTEX INCORPORATED/ NV,41.0,625.0,143.75,31.25,20.3125,20.3125,10.9375,COCO-SOLO BROS TRANSPORT LLC,35735,450.0,2025 Invoice List,true,,31.25,triumph
35732,Paid,2025-11-05,2025-11-05,PO#INV127553-REF #444351,Rentex,RENTEX INCORPORATED/ NV,41.0,750.0,112.5,37.5,24.375,24.375,13.125,GUARDIAN TRANSPORTATION LLC,35732,600.0,2025 Invoice List,true,,37.5,triumph
35716,Paid,2025-11-05,2025-11-05,PO#INV127504,Rentex,RENTEX INCORPORATED/ NV,41.0,2150.0,492.5,107.5,69.875,69.875,37.625,JMK FREIGHT LLC,35716,1550.0,2025 Invoice List,true,,107.5,triumph
35613,Paid,2025-11-05,2025-11-05,PO#INV127156 REF#461201,Rentex,RENTEX INCORPORATED/ NV,41.0,800.0,70.0,40.0,26.0,26.0,14.0,COGE LOGISTICS LLC,35613,690.0,2025 Invoice List,true,,40.0,triumph
35582,Paid,2025-11-05,2025-11-05,PO#INV127034-REF#461174,Rentex,RENTEX INCORPORATED/ NV,41.0,650.0,232.5,32.5,21.125,21.125,11.375,QUICKLINK GLOBAL SERVICES LLC,35582,385.0,2025 Invoice List,true,,32.5,triumph
35517,Paid,2025-11-05,2025-11-05,PO#INV126637-REF#395565,Rentex,"RENTEX, INC/ HQ",41.0,1335.0,368.25,66.75,43.3875,43.3875,23.3625,MEMESTIC EXPRESS LLC,35517,900.0,2025 Invoice List,true,,66.75,triumph
35516,Paid,2025-11-05,2025-11-05,PO#INV126637-REF#395565,Rentex,RENTEX INCORPORATED/ NV,41.0,1335.0,368.25,66.75,43.3875,43.3875,23.3625,MEMESTIC EXPRESS LLC,35516,900.0,2025 Invoice List,true,,66.75,triumph
35328,Paid,2025-10-30,2025-10-30,35328,Insomniac,"INSOMNIAC/LIVE NATION ENTERTAINMENT, INC.",34.0,700.0,-35.0,35.0,22.75,22.75,12.25,MC CARRIER LLC,35328,700.0,2025 Invoice List,true,,35.0,triumph
35549,Paid,2025-10-21,2025-10-21,INV126560,Rentex,RENTEX INCORPORATED/ NV,56.0,1425.0,-96.25,71.25,46.3125,46.3125,24.9375,FORCE TRANS INC,35549,1450.0,2025 Invoice List,true,,71.25,triumph
35500,Paid,2025-10-21,2025-10-21,INV126560,Rentex,RENTEX INCORPORATED/ NV,56.0,1425.0,-196.25,71.25,46.3125,46.3125,24.9375,H TRANSPORTE USA LLC,35500,1550.0,2025 Invoice List,true,,71.25,triumph
35186,Paid,2025-10-20,2025-10-20,SANMATEO,Sierra Live Productions,SIERRA LIVE PRODUCTIONS L.L.C.,29.0,4200.0,1490.0,210.0,136.5,136.5,73.5,MKD EXPRESS LLC,35186,2500.0,2025 Invoice List,true,,210.0,triumph
35350,Paid,2025-10-20,2025-10-20,INV126088,Rentex,RENTEX INCORPORATED/ NV,57.0,825.0,33.75,41.25,26.8125,26.8125,14.4375,LOGISTICA INTERNACIONAL DE TRANSPORTACION LLC,35350,750.0,2025 Invoice List,true,,41.25,triumph
35293,Paid,2025-10-15,2025-10-15,INV126040,Rentex,RENTEX INCORPORATED/ NV,34.0,600.0,120.0,30.0,19.5,19.5,10.5,PM4 TEAM LLC,35293,450.0,2025 Invoice List,true,,30.0,triumph
35130,Paid,2025-10-13,2025-10-13,INV125017,Rentex,RENTEX INCORPORATED/ NV,36.0,650.0,167.5,32.5,21.125,21.125,11.375,PM4 TEAM LLC,35130,450.0,2025 Invoice List,true,,32.5,triumph
34735,Paid,2025-10-03,2025-10-03,EV25-0379,Sierra Live Productions,SIERRA LIVE PRODUCTIONS L.L.C.,29.0,2800.0,1160.0,140.0,91.0,91.0,49.0,DESERT EAGLE TRANSPORTATION LLC,34735,1500.0,2025 Invoice List,true,,140.0,triumph
35562,Paid,2025-10-31,2025-10-31,MT2025102100380,Gofo Inc,GOFO INC.,,6800.0,200.0,340.0,,,,DM WORLD TRANSPORTATION LLC,35562.0,6600.0,2025 Invoice List,false,,,
35595,Paid,2025-10-31,2025-10-31,MT2025102200158,Gofo Inc,GOFO INC.,,6800.0,600.0,340.0,,,,AG Carrier LLC,35595.0,6200.0,2025 Invoice List,false,,,
35754,Paid,2025-10-31,2025-10-31,MT2025102700356,Gofo Inc,GOFO INC.,,6900.0,400.0,345.0,,,,ZERO MAX INC.,35754.0,6500.0,2025 Invoice List,false,,,
35839,Paid,2025-10-31,2025-10-31,MT2025102900160,Gofo Inc,GOFO INC.,,6800.0,-200.0,340.0,,,,PROGRESSIVE CARRIERS CO,35839.0,7000.0,2025 Invoice List,false,,,
35910,Paid,2025-10-31,2025-10-31,MT2025103000161,Gofo Inc,GOFO INC.,,6800.0,500.0,340.0,,,,CROSS USA LLC,35910.0,6300.0,2025 Invoice List,false,,,
37195,Funded,2026-01-02,2026-01-02,MT2026010200068,Gofo Inc,GOFO INC.,1.0,650.0,117.5,32.5,21.125,21.125,11.375,"ADOSCAR MOTORS EXPRESS, LLC",37195.0,500.0,JAN 2026 INV,true,,32.5,triumph
37127,Funded,2026-01-02,2026-01-02,MT2025122900009,Gofo Inc,GOFO INC.,14.0,7500.0,125.0,375.0,243.75,243.75,131.25,GOLD TREE TRANS INC,37127.0,7000.0,JAN 2026 INV,true,,375.0,triumph
37200,Funded,2026-01-05,2026-01-05,MT2026010300065,Gofo Inc,GOFO INC.,11.0,650.0,117.5,32.5,21.125,21.125,11.375,ANNUR TRANS LLC,37200.0,500.0,JAN 2026 INV,true,,32.5,triumph
37144,Funded,2026-01-05,2026-01-05,REF#TRANS RENTEX ANA-LV12/29-PO#INV13234,Rentex,"RENTEX, INC/ HQ",3.0,1600.0,120.0,80.0,52.0,52.0,28.0,ONE WAY LOGISTICS INC,37144.0,1400.0,JAN 2026 INV,true,,80.0,triumph
37197,Funded,2026-01-05,2026-01-05,EWRCNO150970101065 / MT2026010200181,Gofo Inc,GOFO INC.,11.0,8000.0,600.0,400.0,260.0,260.0,140.0,LAKE LOGISTICS INC,37197.0,7000.0,JAN 2026 INV,true,,400.0,triumph
37060,Funded,2026-01-06,2026-01-06,EV26-0089,Sierra Live Productions,SIERRA LIVE PRODUCTIONS L.L.C.,2.0,350.0,82.5,17.5,11.375,,6.125,BG 011 LLC,37060.0,250.0,JAN 2026 INV,false,,,
37196,Funded,2026-01-06,2026-01-06,EWRCNO150970101055 / MT2026010200184,Gofo Inc,GOFO INC.,10.0,8000.0,600.0,400.0,260.0,260.0,140.0,BANDRANA TRANSPORT INC,37196.0,7000.0,JAN 2026 INV,true,,400.0,triumph
37194,Funded,2026-01-06,2026-01-06,MT2026010100030,Gofo Inc,GOFO INC.,10.0,7500.0,125.0,375.0,243.75,243.75,131.25,GOLD BRIDGE INTERNATIONAL LLC,37194.0,7000.0,JAN 2026 INV,true,,375.0,triumph
37169,Funded,2026-01-06,2026-01-06,MT202512300009,Gofo Inc,GOFO INC.,10.0,7500.0,325.0,375.0,243.75,243.75,131.25,GOLD BRIDGE INTERNATIONAL LLC,37169.0,6800.0,JAN 2026 INV,true,,375.0,triumph
36882,Funded,2026-01-06,2026-01-06,PU# EWRCNO5301208025 / MT2025120900178,Gofo Inc,GOFO INC.,10.0,8750.0,12.5,437.5,284.375,284.375,153.125,SSL TRUCKING INC,36882.0,8300.0,JAN 2026 INV,true,,437.5,triumph
37220,Funded,2026-01-07,2026-01-07,EWRCNO150970103077/MT2026010400160,Gofo Inc,GOFO INC.,9.0,7300.0,435.0,365.0,237.25,237.25,127.75,STRAIGHT CARGO LLC,37220.0,6500.0,JAN 2026 INV,true,,365.0,triumph
37198,Funded,2026-01-07,2026-01-07,EWRCNO150970102017/ MT2026010300159,Gofo Inc,GOFO INC.,9.0,7300.0,310.0,365.0,237.25,237.25,127.75,SCR TRUCKING LLC,37198.0,6625.0,JAN 2026 INV,true,,365.0,triumph
37199,Funded,2026-01-07,2026-01-07,EWRCNO150970102018 / MT2026010300158,Gofo Inc,GOFO INC.,9.0,7300.0,285.0,365.0,237.25,237.25,127.75,SCR TRUCKING LLC,37199.0,6650.0,JAN 2026 INV,true,,365.0,triumph
37105,Funded,2026-01-07,2026-01-07,SPRINTER VAN,Sierra Live Productions,SIERRA LIVE PRODUCTIONS L.L.C.,1.0,875.0,406.25,43.75,28.4375,,15.3125,ANN LOGISTICS LLC,37105.0,425.0,JAN 2026 INV,false,,,
37115,Funded,2026-01-07,2026-01-07,REF#472217 | PO#INV132223,Rentex,"RENTEX, INC/ HQ",1.0,750.0,162.5,37.5,24.375,24.375,13.125,TRANSLOGIX LLC,37115.0,550.0,JAN 2026 INV,true,,37.5,triumph
37221,Funded,2026-01-07,2026-01-07,EWRCNO150970102078/MT2026010400159,Gofo Inc,GOFO INC.,9.0,7300.0,335.0,365.0,237.25,237.25,127.75,Q9 EXPRESS INC,37221.0,6600.0,JAN 2026 INV,true,,365.0,triumph
37113,Funded,2026-01-07,2026-01-07,REF# VEG-DAL-ORL | PO#INV132199,Rentex,"RENTEX, INC/ HQ",3.0,6900.0,55.0,345.0,224.25,224.25,120.75,TRUCKLAND INC,37113.0,6500.0,JAN 2026 INV,true,,345.0,triumph
37277,Funded,2026-01-08,2026-01-08,OG2026010600010 /,Gofo Inc,GOFO INC.,8.0,2500.0,175.0,125.0,81.25,81.25,43.75,EZGO INC,37277.0,2200.0,JAN 2026 INV,true,,125.0,triumph
36989,Funded,2026-01-08,2026-01-08,CLTCNO5301214020,Gofo Inc,GOFO INC.,8.0,500.0,225.0,25.0,16.25,16.25,8.75,DAR-US INC,36989.0,250.0,JAN 2026 INV,true,,25.0,triumph
37207,Funded,2026-01-09,2026-01-09,EV26-0089-TPO-00097,Sierra Live Productions,SIERRA LIVE PRODUCTIONS L.L.C.,5.0,7500.0,1875.0,375.0,243.75,,131.25,MKD EXPRESS LLC,37207.0,5250.0,JAN 2026 INV,false,,,
37342,Funded,2026-01-12,2026-01-12,REF#477324 | PO#INV132830,Rentex,"RENTEX, INC/ HQ",2.0,550.0,172.5,27.5,17.875,17.875,9.625,ACIES TRANSPORT LLC,37342.0,350.0,JAN 2026 INV,true,,27.5,triumph
37378,Funded,2026-01-12,2026-01-12,REF# TRANSFER RENTEX PHX-LV 1/9 PO#INV13,Rentex,"RENTEX, INC/ HQ",2.0,1100.0,195.0,55.0,35.75,35.75,19.25,STOMPDOWN PRODUCTIONS LLC,37378.0,850.0,JAN 2026 INV,true,,55.0,triumph
37021,Funded,2026-01-12,2026-01-12,REF#473608/473492 / PO#INV131892,Rentex,"RENTEX, INC/ HQ",2.0,750.0,212.5,37.5,24.375,24.375,13.125,GALLO EXPRESS LLC,37021.0,500.0,JAN 2026 INV,true,,37.5,triumph
37421,Funded,2026-01-12,2026-01-12,MT2026011200065,Gofo Inc,GOFO INC.,4.0,650.0,117.5,32.5,21.125,21.125,11.375,MOVE FOR LESS TRANSPORTATION LLC,37421.0,500.0,JAN 2026 INV,true,,32.5,triumph
37226,Funded,2026-01-12,2026-01-12,MT2026010600066,Gofo Inc,GOFO INC.,4.0,650.0,117.5,32.5,21.125,21.125,11.375,DIMALA JOE TRUCKING LLC,37226.0,500.0,JAN 2026 INV,true,,32.5,triumph
37400,Funded,2026-01-13,2026-01-13,REF#472684 / PO#INV131951,Rentex,"RENTEX, INC/ HQ",1.0,875.0,181.25,43.75,28.4375,28.4375,15.3125,IMANI LOGISTICS LLC,37400.0,650.0,JAN 2026 INV,true,,43.75,triumph
37395,Funded,2026-01-13,2026-01-13,TPO-00117,Sierra Live Productions,SIERRA LIVE PRODUCTIONS L.L.C.,1.0,1150.0,242.5,57.5,37.375,,20.125,G&R TRUCKING LLC,37395.0,850.0,JAN 2026 INV,false,,,
37031,Funded,2026-01-13,2026-01-13,REF#472684 / PO#INV131951,Rentex,"RENTEX, INC/ HQ",1.0,875.0,231.25,43.75,28.4375,28.4375,15.3125,HYNES TRUCKING AND LOGISTICS LLC,37031.0,600.0,JAN 2026 INV,true,,43.75,triumph
37116,Funded,2026-01-13,2026-01-13,REF#472217 | PO#INV132223,Rentex,"RENTEX, INC/ HQ",1.0,1200.0,140.0,60.0,39.0,39.0,21.0,DCJ912 TRUCKING LLC,37116.0,1000.0,JAN 2026 INV,true,,60.0,triumph
37231,Funded,2026-01-13,2026-01-13,REF#473420/PO#INV132570,Rentex,"RENTEX, INC/ HQ",1.0,2200.0,90.0,110.0,71.5,71.5,38.5,SOLID TRANSPORT LLC,37231.0,2000.0,JAN 2026 INV,true,,110.0,triumph
37279,Funded,2026-01-13,2026-01-13,OG2026010700029,Gofo Inc,GOFO INC.,3.0,7500.0,325.0,375.0,243.75,243.75,131.25,FRONT WAY INC,37279.0,6800.0,JAN 2026 INV,true,,375.0,triumph
37252,Funded,2026-01-13,2026-01-13,TONU,Gofo Inc,GOFO INC.,3.0,650.0,467.5,32.5,21.125,,11.375,SAM & GERRY TRUCKING INC,37252.0,150.0,JAN 2026 INV,false,,,
37208,Funded,2026-01-14,2026-01-14,EV26-0089,Sierra Live Productions,SIERRA LIVE PRODUCTIONS L.L.C.,1.0,7500.0,1875.0,375.0,243.75,,131.25,MKD EXPRESS LLC,37208.0,5250.0,JAN 2026 INV,false,,,
37392,Funded,2026-01-14,2026-01-14,REF#474879 PO#INV132925 AWB#: 95123677,Rentex,"RENTEX, INC/ HQ",2.0,400.0,205.0,20.0,13.0,13.0,7.0,BLACK BOX ENTERPRISES LLC,37392.0,175.0,JAN 2026 INV,true,,20.0,triumph
37433,Funded,2026-01-15,2026-01-15,REF# TRANSFER RENTEX LV-PHX 1/12PO#INV1,Rentex,"RENTEX, INC/ HQ",1.0,1400.0,130.0,70.0,45.5,45.5,24.5,NATHAN TRUCKING L.L.C.,37433.0,1200.0,JAN 2026 INV,true,,70.0,triumph
36786,Funded,2026-01-15,2026-01-15,REF#472528/PO#INV131078,Rentex,"RENTEX, INC/ HQ",2.0,750.0,-187.5,37.5,24.375,24.375,13.125,CHRISTIAN CURIOSO SAAVEDRA,36786.0,900.0,JAN 2026 INV,true,,37.5,triumph
37303,Funded,2026-01-16,2026-01-16,REF#474372 | PO#INV132758,Rentex,"RENTEX, INC/ HQ",1.0,825.0,283.75,41.25,26.8125,26.8125,14.4375,R & R LOGISTICS EXPRESS,37303.0,500.0,JAN 2026 INV,true,,41.25,triumph
37080,Funded,2026-01-15,2026-01-15,37080.0,On Services,"ON SERVICES, LLC",6.0,3600.0,620.0,180.0,117.0,117.0,63.0,Show Freight Inc,37080.0,2800.0,JAN 2026 INV,true,,180.0,triumph
37079,Funded,2026-01-15,2026-01-15,37079.0,On Services,"ON SERVICES, LLC",6.0,3600.0,620.0,180.0,117.0,117.0,63.0,Show Freight Inc,37079.0,2800.0,JAN 2026 INV,true,,180.0,triumph
37078,Funded,2026-01-15,2026-01-15,37078.0,On Services,"ON SERVICES, LLC",6.0,3600.0,620.0,180.0,117.0,117.0,63.0,Show Freight Inc,37078.0,2800.0,JAN 2026 INV,true,,180.0,triumph
37077,Funded,2026-01-15,2026-01-15,37077.0,On Services,"ON SERVICES, LLC",6.0,3600.0,620.0,180.0,117.0,117.0,63.0,Show Freight Inc,37077.0,2800.0,JAN 2026 INV,true,,180.0,triumph
37297,Funded,2026-01-16,2026-01-16,EV26-0029-TPO-00113,Sierra Live Productions,SIERRA LIVE PRODUCTIONS L.L.C.,5.0,7500.0,1625.0,375.0,243.75,243.75,131.25,MKD EXPRESS LLC,37297.0,5500.0,JAN 2026 INV,true,,375.0,triumph
37435,Funded,2026-01-16,2026-01-16,EV26-0029-TPO-00113,Sierra Live Productions,SIERRA LIVE PRODUCTIONS L.L.C.,5.0,7500.0,125.0,375.0,243.75,243.75,131.25,DELTA PRIME LLC,37435.0,7000.0,JAN 2026 INV,true,,375.0,triumph
36787,Funded,2026-01-19,2026-01-19,REF#472528/PO#INV131078,Rentex,"RENTEX, INC/ HQ",2.0,750.0,-37.5,37.5,24.375,24.375,13.125,UNITED EAGLES TRUCKING,36787.0,750.0,JAN 2026 INV,true,,37.5,triumph
37471,Funded,2026-01-19,2026-01-19,MT2026011400121 /ORDCNO011023,Gofo Inc,GOFO INC.,2.0,5300.0,535.0,265.0,172.25,172.25,92.75,ROYAL XPRESS INC,37471.0,4500.0,JAN 2026 INV,true,,265.0,triumph
37550,Funded,2026-01-20,2026-01-20,EWRCNO0116017 MT2026011700158,Gofo Inc,GOFO INC.,1.0,7000.0,150.0,350.0,227.5,227.5,122.5,36 EXPRESS LLC,37550.0,6500.0,JAN 2026 INV,true,,350.0,triumph
37552,Funded,2026-01-20,2026-01-20,REF#472684 / PO#INV131951,Rentex,"RENTEX, INC/ HQ",1.0,350.0,82.5,17.5,11.375,11.375,6.125,ONEWAY TRANSPORTATION LLC,37552.0,250.0,JAN 2026 INV,true,,17.5,triumph
37257,Funded,2026-01-20,2026-01-20,REF#472528/PO#INV131078,Rentex,"RENTEX, INC/ HQ",1.0,700.0,65.0,35.0,22.75,22.75,12.25,EA TRANSPORTATION SYSTEMS LLC,37257.0,600.0,JAN 2026 INV,true,,35.0,triumph
37398,Funded,2026-01-19,2026-01-19,REF#477309 / PO#INV132945,Rentex,"RENTEX, INC/ HQ",2.0,1350.0,82.5,67.5,43.875,43.875,23.625,DIEGO TRANSPORTATION LLC,37398.0,1200.0,JAN 2026 INV,true,,67.5,triumph
37025,Funded,2026-01-20,2026-01-20,REF#473608/473492 / PO#INV131892,Rentex,"RENTEX, INC/ HQ",1.0,750.0,212.5,37.5,24.375,24.375,13.125,GALLO EXPRESS LLC,37025.0,500.0,JAN 2026 INV,true,,37.5,triumph
37505,Funded,2026-01-20,2026-01-20,MT2026011600159 / EWRCNO0115017,Gofo Inc,GOFO INC.,1.0,7300.0,435.0,365.0,237.25,237.25,127.75,GOLD BRIDGE INTERNATIONAL LLC,37505.0,6500.0,JAN 2026 INV,true,,365.0,triumph
37227,Funded,2026-01-20,2026-01-20,TPO-00107,Sierra Live Productions,SIERRA LIVE PRODUCTIONS L.L.C.,3.0,1300.0,235.0,65.0,42.25,42.25,22.75,A&E EXPRESS LLC,37227.0,1000.0,JAN 2026 INV,true,,65.0,triumph
37232,Funded,2026-01-20,2026-01-20,REF#473420 / PO#INV132570,Rentex,"RENTEX, INC/ HQ",3.0,1900.0,235.0,95.0,61.75,61.75,33.25,C&I TRANSPORTATION LLC,37232.0,1500.0,JAN 2026 INV,true,,95.0,triumph
37529,Funded,2026-01-21,2026-01-21,REF#479157 PO#INV133326,Rentex,"RENTEX, INC/ HQ",2.0,500.0,175.0,25.0,16.25,16.25,8.75,MAKE TRUCKING LLC,37529.0,300.0,JAN 2026 INV,true,,25.0,triumph
37467,Funded,2026-01-21,2026-01-21,REF#478018PO#INV133184,Rentex,"RENTEX, INC/ HQ",2.0,1100.0,245.0,55.0,35.75,35.75,19.25,123 BOUGHT STORE LLC,37467.0,800.0,JAN 2026 INV,true,,55.0,triumph
37381,Funded,2026-01-21,2026-01-21,PO#INV132922REF#471085/476586,Rentex,"RENTEX, INC/ HQ",2.0,1100.0,345.0,55.0,35.75,35.75,19.25,AMRITPAL SINGH HUNDAL,37381.0,700.0,JAN 2026 INV,true,,55.0,triumph
37298,Funded,2026-01-21,2026-01-21,EV26-0029-TPO-00113,Sierra Live Productions,SIERRA LIVE PRODUCTIONS L.L.C.,2.0,7500.0,1125.0,375.0,243.75,243.75,131.25,BEK TRANSPORTATION LLC,37298.0,6000.0,JAN 2026 INV,true,,375.0,triumph
37416,Funded,2026-01-23,2026-01-23,REF# 474891 PO# INV132960,Rentex,"RENTEX, INC/ HQ",5.0,500.0,175.0,25.0,16.25,16.25,8.75,AMG TRANSPORT LOGISTICS,37416.0,300.0,JAN 2026 INV,true,,25.0,triumph
37373,Funded,2026-01-23,2026-01-23,REF#477337 PO#INV132910,Rentex,"RENTEX, INC/ HQ",5.0,500.0,75.0,25.0,16.25,16.25,8.75,ACIES TRANSPORT LLC,37373.0,400.0,JAN 2026 INV,true,,25.0,triumph
37235,Funded,2026-01-26,2026-01-26,REF#475595 / PO#INV132590,Rentex,"RENTEX, INC/ HQ",2.0,750.0,62.5,37.5,24.375,24.375,13.125,OVN LLC,37235.0,650.0,JAN 2026 INV,true,,37.5,triumph
37389,Funded,2026-01-26,2026-01-26,REF#474879 // PO#INV132925,Rentex,"RENTEX, INC/ HQ",2.0,1000.0,250.0,50.0,32.5,32.5,17.5,SANIAK EXPRESS LOGISTICS LLC,37389.0,700.0,JAN 2026 INV,true,,50.0,triumph
37528,Funded,2026-01-26,2026-01-26,REF#477306 PO#INV133324,Rentex,"RENTEX, INC/ HQ",2.0,1525.0,248.75,76.25,49.5625,49.5625,26.6875,LETS GO TRANSPORT LLC,37528.0,1200.0,JAN 2026 INV,true,,76.25,triumph
37417,Funded,2026-01-26,2026-01-26,REF# 474891 PO# INV132960,Rentex,"RENTEX, INC/ HQ",2.0,500.0,75.0,25.0,16.25,16.25,8.75,1776 FREIGHT LLC,37417.0,400.0,JAN 2026 INV,true,,25.0,triumph
37759,Funded,2026-01-26,2026-01-26,REF#481611 // PO#INV134002,Rentex,"RENTEX, INC/ HQ",2.0,850.0,357.5,42.5,27.625,27.625,14.875,OMW EXPEDITED TRANSPORT LLC,37759.0,450.0,JAN 2026 INV,true,,42.5,triumph
37234,Funded,2026-01-26,2026-01-26,REF#475595 / PO#INV132590,Rentex,"RENTEX, INC/ HQ",2.0,750.0,112.5,37.5,24.375,24.375,13.125,UNITED FLEET CORP,37234.0,600.0,JAN 2026 INV,true,,37.5,triumph
37399,Funded,2026-01-27,2026-01-27,REF#477309 / PO#INV132945,Rentex,"RENTEX, INC/ HQ",1.0,1350.0,282.5,67.5,43.875,43.875,23.625,GRM AND COMPANY LLC,37399.0,1000.0,JAN 2026 INV,true,,67.5,triumph
37173,Funded,2026-01-27,2026-01-27,REF#474939 / PO#INV132448,Rentex,"RENTEX, INC/ HQ",3.0,850.0,157.5,42.5,27.625,27.625,14.875,UNITED EAGLES TRUCKING,37173.0,650.0,JAN 2026 INV,true,,42.5,triumph
37739,Funded,2026-01-27,2026-01-27,MT2026012400064,Gofo Inc,GOFO INC.,3.0,650.0,167.5,32.5,21.125,21.125,11.375,WS QUALITY TRANSPORT LLC,37739.0,450.0,JAN 2026 INV,true,,32.5,triumph
37691,Funded,2026-01-28,2026-01-28,RE: RFQ-199128-12,Majic Productions Inc,MAJIC PRODUCTIONS INC,2.0,5900.0,355.0,295.0,191.75,,103.25,MC CARRIER LLC,37691.0,5250.0,JAN 2026 INV,false,,,
37695,Funded,2026-01-28,2026-01-28,RFQ-199128-16,Majic Productions Inc,MAJIC PRODUCTIONS INC,2.0,5000.0,250.0,250.0,162.5,,87.5,MC CARRIER LLC,37695.0,4500.0,JAN 2026 INV,false,,,
37692,Funded,2026-01-28,2026-01-28,RFQ-199128-13,Majic Productions Inc,MAJIC PRODUCTIONS INC,2.0,6000.0,450.0,300.0,195.0,,105.0,MC CARRIER LLC,37692.0,10500.0,JAN 2026 INV,false,,,
37697,Funded,2026-01-28,2026-01-28,RFQ-199128-18,Majic Productions Inc,MAJIC PRODUCTIONS INC,2.0,5350.0,842.5,267.5,173.875,,93.625,DALMONT LLC,37697.0,4240.0,JAN 2026 INV,false,,,
37696,Funded,2026-01-28,2026-01-28,RFQ-199128-17,Majic Productions Inc,MAJIC PRODUCTIONS INC,2.0,5525.0,828.75,276.25,179.5625,,96.6875,DALMONT LLC,37696.0,4420.0,JAN 2026 INV,false,,,
37789,Funded,2026-01-28,2026-01-28,MT2026012700051,Gofo Inc,GOFO INC.,2.0,650.0,117.5,32.5,21.125,21.125,11.375,MDN FREIGHT INC,37789.0,500.0,JAN 2026 INV,true,,32.5,triumph
37736,Funded,2026-01-28,2026-01-28,OG2026012300026,Gofo Inc,GOFO INC.,2.0,7200.0,640.0,360.0,234.0,,126.0,GG&E TRUCKING LLC,37736.0,6200.0,JAN 2026 INV,false,,,
37468,Funded,2026-01-28,2026-01-28,REF#478018PO#INV133184,Rentex,"RENTEX, INC/ HQ",2.0,1100.0,95.0,55.0,35.75,35.75,19.25,A & E FREIGHT SOLUTIONS,37468.0,950.0,JAN 2026 INV,true,,55.0,triumph
37636,Funded,2026-01-28,2026-01-28,PO JKZT0000029,Insync Productions,"INSYNC PRODUCTIONS, LLC",22.0,500.0,255.0,25.0,16.25,,8.75,HIPPIX LOGISTIX LLC,37636.0,220.0,JAN 2026 INV,false,,,
37689,Funded,2026-01-29,2026-01-29,RE: RFQ-199128-11,Majic Productions Inc,MAJIC PRODUCTIONS INC,1.0,5000.0,-200.0,250.0,162.5,,87.5,MC CARRIER LLC,37689.0,4950.0,JAN 2026 INV,false,,,
37527,Funded,2026-01-30,2026-01-30,REF#477306 PO#INV133324,Rentex,"RENTEX, INC/ HQ",4.0,925.0,128.75,46.25,30.0625,30.0625,16.1875,LETS GO TRANSPORT LLC,37527.0,750.0,JAN 2026 INV,true,,46.25,triumph
36980,Funded,2026-01-30,2026-01-30,REF#412641/PO#INV131762,Rentex,"RENTEX, INC/ HQ",4.0,1100.0,45.0,55.0,35.75,35.75,19.25,RISHI LOGISTICS INC,36980.0,1000.0,JAN 2026 INV,true,,55.0,triumph
37174,Funded,2026-01-30,2026-01-30,REF#474939 / PO#INV132448,Rentex,"RENTEX, INC/ HQ",4.0,850.0,107.5,42.5,27.625,27.625,14.875,RAFD TRANSPORT LLC,37174.0,700.0,JAN 2026 INV,true,,42.5,triumph
37470,Funded,2026-01-30,2026-01-30,ORDCNO011022 MT2026011400122,Gofo Inc,GOFO INC.,6.0,5300.0,135.0,265.0,172.25,172.25,92.75,ROOP UK TRANSPORT INC,37470.0,4900.0,JAN 2026 INV,true,,265.0,triumph
37866,Funded,2026-02-02,2026-02-02,PO#INV134321REF#481655,Rentex,"RENTEX, INC/ HQ",3.0,950.0,152.5,47.5,30.875,30.875,16.625,EMPIRE EXPEDITED INC,37866.0,750.0,FEB 2026 INV,true,,47.5,triumph
37934,Funded,2026-02-03,2026-02-03,OG202601000031,Gofo Inc,GOFO INC.,2.0,7200.0,640.0,360.0,234.0,,126.0,GG&E TRUCKING LLC,37934.0,6200.0,FEB 2026 INV,false,,,
37795,Funded,2026-02-03,2026-02-03,OG2026012700018,Gofo Inc,GOFO INC.,2.0,7200.0,540.0,360.0,234.0,,126.0,GOLD BRIDGE INTERNATIONAL LLC,37795.0,6300.0,FEB 2026 INV,false,,,
37577,Funded,2026-02-03,2026-02-03,REF#478991 PO#INV133452,Rentex,"RENTEX, INC/ HQ",2.0,700.0,165.0,35.0,22.75,22.75,12.25,LAWRENCE GILBERTO DIVINO JR,37577.0,500.0,FEB 2026 INV,true,,35.0,triumph
37997,Funded,2026-02-03,2026-02-03,REF# 484237/PO# INV134767,Rentex,"RENTEX, INC/ HQ",2.0,925.0,78.75,46.25,30.0625,30.0625,16.1875,BRUCELINE TRUCKING LLC,37997.0,800.0,FEB 2026 INV,true,,46.25,triumph
37991,Funded,2026-02-03,2026-02-03,REF# 484237/PO# INV134767,Rentex,"RENTEX, INC/ HQ",2.0,900.0,355.0,45.0,29.25,29.25,15.75,STOMPDOWN PRODUCTIONS LLC,37991.0,500.0,FEB 2026 INV,true,,45.0,triumph
37755,Funded,2026-02-03,2026-02-03,REF#446478 PO#INV133979,Rentex,"RENTEX, INC/ HQ",2.0,675.0,126.25,33.75,21.9375,21.9375,11.8125,CCAM TRUCKING LLC,37755.0,515.0,FEB 2026 INV,true,,33.75,triumph
37693,Funded,2026-02-03,2026-02-03,RFQ-199128-14,Majic Productions Inc,MAJIC PRODUCTIONS INC,2.0,5000.0,-350.0,250.0,162.5,,87.5,MC CARRIER LLC,37693.0,5100.0,FEB 2026 INV,false,,,
37700,Funded,2026-02-03,2026-02-03,RFQ-199128-20,Majic Productions Inc,MAJIC PRODUCTIONS INC,2.0,725.0,188.75,36.25,23.5625,,12.6875,SIMON LOGISTICS LLC,37700.0,500.0,FEB 2026 INV,false,,,
37698,Funded,2026-02-03,2026-02-03,RFQ-199128-19,Majic Productions Inc,MAJIC PRODUCTIONS INC,2.0,725.0,188.75,36.25,23.5625,,12.6875,SIMON LOGISTICS LLC,37698.0,500.0,FEB 2026 INV,false,,,
37808,Funded,2026-02-03,2026-02-03,JKZT0000049,Insync Productions,"INSYNC PRODUCTIONS, LLC",16.0,1850.0,557.5,92.5,60.125,60.125,32.375,HALO TRANSPORTS LLC,37808.0,1200.0,FEB 2026 INV,true,,92.5,triumph
37757,Funded,2026-02-05,2026-02-05,REF#480217/PO#INV133991,Rentex,"RENTEX, INC/ HQ",2.0,650.0,27.5,32.5,21.125,21.125,11.375,AAA EXPEDITED SERVICES LLC,37757.0,590.0,FEB 2026 INV,true,,32.5,triumph
37374,Funded,2026-02-05,2026-02-05,REF#477337/PO#INV132910,Rentex,"RENTEX, INC/ HQ",2.0,500.0,325.0,25.0,16.25,16.25,8.75,DORSEY TRUCKING&TRANSPORTATION LLC,37374.0,150.0,FEB 2026 INV,true,,25.0,triumph
37803,Funded,2026-02-05,2026-02-05,REF#476906 PO#INV134153,Rentex,"RENTEX, INC/ HQ",2.0,675.0,241.25,33.75,21.9375,21.9375,11.8125,2131 TRANSPORTATION LLC,37803.0,400.0,FEB 2026 INV,true,,33.75,triumph
38049,Funded,2026-02-05,2026-02-05,MT2026020400047,Gofo Inc,GOFO INC.,14.0,650.0,117.5,32.5,21.125,,11.375,KOF LOGISTICS LLC,38049.0,500.0,FEB 2026 INV,false,,,
37842,Funded,2026-02-05,2026-02-05,REF#481752/PO#INV134262,Rentex,"RENTEX, INC/ HQ",2.0,550.0,37.5,27.5,17.875,17.875,9.625,QUICKLINK GLOBAL SERVICES LLC,37842.0,485.0,FEB 2026 INV,true,,27.5,triumph
37712,Funded,2026-02-05,2026-02-05,RFQ-199128-21,Majic Productions Inc,MAJIC PRODUCTIONS INC,2.0,725.0,238.75,36.25,23.5625,,12.6875,SIX BROS TRUCKING LLC,37712.0,450.0,FEB 2026 INV,false,,,
37807,Funded,2026-02-05,2026-02-05,JKZT0000049,Insync Productions,"INSYNC PRODUCTIONS, LLC",14.0,1850.0,357.5,92.5,60.125,60.125,32.375,CLASSIC LOGISTICS LLC,37807.0,1400.0,FEB 2026 INV,true,,92.5,triumph
37761,Funded,2026-02-09,2026-02-09,REF#481240 // PO#INV134009,Rentex,"RENTEX, INC/ HQ",2.0,700.0,115.0,35.0,22.75,22.75,12.25,BLAZING TRANSPORTATION LLC,37761.0,550.0,FEB 2026 INV,true,,35.0,triumph
38128,Funded,2026-02-09,2026-02-09,MT2026020400047,Gofo Inc,GOFO INC.,2.0,650.0,117.5,32.5,21.125,,11.375,WS QUALITY TRANSPORT LLC,38128.0,500.0,FEB 2026 INV,false,,,
36978,Funded,2026-02-09,2026-02-09,REF#412641 | PO#INV131762,Rentex,"RENTEX, INC/ HQ",2.0,1100.0,195.0,55.0,35.75,35.75,19.25,ADOSH TRUCKING LLC,36978.0,850.0,FEB 2026 INV,true,,55.0,triumph
36979,Funded,2026-02-09,2026-02-09,REF#412641 | PO#INV131762,Rentex,"RENTEX, INC/ HQ",2.0,1100.0,60.0,55.0,35.75,35.75,19.25,HTC EXPRESS,36979.0,985.0,FEB 2026 INV,true,,55.0,triumph
37763,Funded,2026-02-10,2026-02-10,REF#481240 // PO#INV134009,Rentex,"RENTEX, INC/ HQ",1.0,700.0,175.0,35.0,22.75,22.75,12.25,OVN LLC,37763.0,490.0,FEB 2026 INV,true,,35.0,triumph
37532,Funded,2026-02-10,2026-02-10,REF#474445/PO#INV133328,Rentex,"RENTEX, INC/ HQ",1.0,1100.0,245.0,55.0,35.75,35.75,19.25,SIMPLE BEVERAGES COMPANY LLC,37532.0,800.0,FEB 2026 INV,true,,55.0,triumph
38009,Funded,2026-02-10,2026-02-10,PO# 107784,On Services,"ON SERVICES, LLC",1.0,3200.0,1040.0,160.0,104.0,104.0,56.0,UNV TRADE INC,38009.0,2000.0,FEB 2026 INV,true,,160.0,triumph
37756,Funded,2026-02-10,2026-02-10,REF#480217 PO#INV133991,Rentex,"RENTEX, INC/ HQ",3.0,650.0,97.5,32.5,21.125,21.125,11.375,AAA EXPEDITED SERVICES LLC,37756.0,520.0,FEB 2026 INV,true,,32.5,triumph
38250,Funded,2026-02-10,2026-02-10,PO# 107784,On Services,"ON SERVICES, LLC",3.0,3200.0,940.0,160.0,104.0,104.0,56.0,MOONLIGHT TRUCKING LLC,38250.0,2100.0,FEB 2026 INV,true,,160.0,triumph
37578,Funded,2026-02-10,2026-02-10,REF#478991 PO#INV133452,Rentex,"RENTEX, INC/ HQ",3.0,700.0,115.0,35.0,22.75,22.75,12.25,ANDREW EXPRESS LLC,37578.0,550.0,FEB 2026 INV,true,,35.0,triumph
38149,Funded,2026-02-10,2026-02-10,26-1481-JKZT0000065,Insync Productions,"INSYNC PRODUCTIONS, LLC",9.0,1750.0,462.5,87.5,56.875,,30.625,AXPER LLC,38149.0,1200.0,FEB 2026 INV,true,2026-03-25,87.5,flexent
38334,Funded,2026-02-11,2026-02-11,PO#INV135688,Rentex,"RENTEX, INC/ HQ",2.0,1450.0,177.5,72.5,47.125,47.125,25.375,2131 TRANSPORTATION LLC,38334.0,1200.0,FEB 2026 INV,true,,72.5,triumph
38304,Funded,2026-02-11,2026-02-11,REF#476906/PO#INV134153,Rentex,"RENTEX, INC/ HQ",2.0,675.0,241.25,33.75,21.9375,21.9375,11.8125,2131 TRANSPORTATION LLC,38304.0,400.0,FEB 2026 INV,true,,33.75,triumph
37804,Funded,2026-02-11,2026-02-11,REF#476906 PO#INV134153,Rentex,"RENTEX, INC/ HQ",2.0,300.0,135.0,15.0,9.75,9.75,5.25,2131 TRANSPORTATION LLC,37804.0,150.0,FEB 2026 INV,true,,15.0,triumph
37068,Funded,2026-02-11,2026-02-11,REF#474655 | PO#INV132026,Rentex,"RENTEX, INC/ HQ",2.0,750.0,112.5,37.5,24.375,24.375,13.125,BUTLER AND SON EXPEDITED FREIGHT LLC,37068.0,600.0,FEB 2026 INV,true,,37.5,triumph
38259,Funded,2026-02-11,2026-02-11,REF#478722 // PO#INV133659,Rentex,"RENTEX, INC/ HQ",2.0,825.0,383.75,41.25,26.8125,26.8125,14.4375,"LV TRANSPORTATION, LLC",38259.0,400.0,FEB 2026 INV,true,,41.25,triumph
38192,Funded,2026-02-11,2026-02-11,OG2026020700027 PU# GOFO GROUND DOCK 20,Gofo Inc,GOFO INC.,8.0,7000.0,450.0,350.0,227.5,,122.5,GG&E TRUCKING LLC,38192.0,6200.0,FEB 2026 INV,false,,,
38191,Funded,2026-02-11,2026-02-11,PU# GOFO OG2026020500028 GROUND DOCK 20,Gofo Inc,GOFO INC.,8.0,6000.0,500.0,300.0,195.0,,105.0,SAM & GERRY TRUCKING INC,38191.0,5200.0,FEB 2026 INV,false,,,
37947,Rejected,2026-02-11,2026-02-11,37947.0,Majic Productions Inc,MAJIC PRODUCTIONS INC,2.0,300.0,,15.0,,,,GVD GROUP INC,37947.0,250.0,FEB 2026 INV,false,,,
37810,Funded,2026-02-11,2026-02-11,REF#446478 PO#INV133979,Rentex,"RENTEX, INC/ HQ",2.0,675.0,111.25,33.75,21.9375,21.9375,11.8125,ANDREW EXPRESS LLC,37810.0,530.0,FEB 2026 INV,true,,33.75,triumph
36981,Funded,2026-02-11,2026-02-11,REF#412641PO#INV131762,Rentex,"RENTEX, INC/ HQ",2.0,1100.0,145.0,55.0,35.75,35.75,19.25,MATAK FREIGHT SOLUTION LLC,36981.0,900.0,FEB 2026 INV,true,,55.0,triumph
37867,Funded,2026-02-11,2026-02-11,PO#INV134321 REF#481655,Rentex,"RENTEX, INC/ HQ",2.0,1150.0,342.5,57.5,37.375,37.375,20.125,CHAURA TRANSPORTATION INC,37867.0,750.0,FEB 2026 INV,true,,57.5,triumph
37861,Funded,2026-02-11,2026-02-11,26-1383-JKZT0000051,Insync Productions,"INSYNC PRODUCTIONS, LLC",8.0,1500.0,325.0,75.0,48.75,,26.25,MXM FREIGHT LLC,37861.0,1100.0,FEB 2026 INV,true,2026-03-25,75.0,flexent
38147,Funded,2026-02-11,2026-02-11,26-1481-JKZT0000065,Insync Productions,"INSYNC PRODUCTIONS, LLC",8.0,1750.0,462.5,87.5,56.875,,30.625,AXPER LLC,38147.0,1200.0,FEB 2026 INV,true,2026-03-25,87.5,flexent
38134,Funded,2026-02-11,2026-02-11,26-1126-JKZT0000064,Insync Productions,"INSYNC PRODUCTIONS, LLC",8.0,750.0,162.5,37.5,24.375,,13.125,FLORIDA FREIGHT AND CARTAGE LLC,38134.0,550.0,FEB 2026 INV,true,2026-03-25,37.5,flexent
38135,Funded,2026-02-11,2026-02-11,26-1126-JKZT0000064,Insync Productions,"INSYNC PRODUCTIONS, LLC",8.0,750.0,162.5,37.5,24.375,,13.125,FLORIDA FREIGHT AND CARTAGE LLC,38135.0,550.0,FEB 2026 INV,true,2026-03-25,37.5,flexent
37968,Funded,2026-02-12,2026-02-12,26-1366,Insync Productions,"INSYNC PRODUCTIONS, LLC",7.0,1850.0,607.5,92.5,60.125,,32.375,ALFA LOGISTICS LLC,37968.0,1150.0,FEB 2026 INV,true,2026-03-25,92.5,flexent
37531,Funded,2026-02-12,2026-02-12,REF#474445 PO#INV133328,Rentex,"RENTEX, INC/ HQ",7.0,1100.0,445.0,55.0,35.75,35.75,19.25,YUGOS LOGISTICS LLC,37531.0,600.0,FEB 2026 INV,true,,55.0,triumph
38358,Funded,2026-02-13,2026-02-13,26-1324-JKZT0000074,Insync Productions,"INSYNC PRODUCTIONS, LLC",6.0,750.0,262.5,37.5,24.375,,13.125,OMEGA PETROLEUM LOGISTICS LLC,38358.0,450.0,FEB 2026 INV,true,2026-03-25,37.5,flexent
38395,Funded,2026-02-13,2026-02-13,26-1324-JKZT0000074,Insync Productions,"INSYNC PRODUCTIONS, LLC",6.0,750.0,262.5,37.5,24.375,,13.125,OMEGA PETROLEUM LOGISTICS LLC,38395.0,450.0,FEB 2026 INV,true,2026-03-25,37.5,flexent
38240,Funded,2026-02-13,2026-02-13,REF#485159/PO#INV135379,Rentex,"RENTEX, INC/ HQ",6.0,900.0,355.0,45.0,29.25,29.25,15.75,DL STURGIS LOGISTICS LLC,38240.0,500.0,FEB 2026 INV,true,,45.0,triumph
37690,Funded,2026-02-16,2026-02-16,REF#475285/478290 PO#INV133761ORDER #?S,Rentex,"RENTEX, INC/ HQ",3.0,765.0,161.75,38.25,24.8625,24.8625,13.3875,UNITED EAGLES TRUCKING,37690.0,565.0,FEB 2026 INV,true,,38.25,triumph
36825,Funded,2026-02-16,2026-02-16,REF#472879 / PO#INV131225,Rentex,"RENTEX, INC/ HQ",3.0,750.0,162.5,37.5,24.375,24.375,13.125,UNITED EAGLES TRUCKING,36825.0,550.0,FEB 2026 INV,true,,37.5,triumph
38342,Funded,2026-02-16,2026-02-16,REF#486709PO#INV135703,Rentex,"RENTEX, INC/ HQ",3.0,600.0,170.0,30.0,19.5,19.5,10.5,2131 TRANSPORTATION LLC,38342.0,400.0,FEB 2026 INV,true,,30.0,triumph
38394,Funded,2026-02-16,2026-02-16,26-1324-JKZT0000074,Insync Productions,"INSYNC PRODUCTIONS, LLC",3.0,750.0,212.5,37.5,24.375,,13.125,DBP EXPRESS LLC,38394.0,500.0,FEB 2026 INV,false,,,
38228,Funded,2026-02-16,2026-02-16,MT2026020600050,Gofo Inc,GOFO INC.,3.0,650.0,117.5,32.5,21.125,21.125,11.375,DIMALA JOE TRUCKING LLC,38228.0,500.0,FEB 2026 INV,true,,32.5,triumph
38356,Funded,2026-02-16,2026-02-16,26-1324-JKZT0000074,Insync Productions,"INSYNC PRODUCTIONS, LLC",3.0,875.0,341.25,43.75,28.4375,,15.3125,MCKOY ENTERPRISES INC,38356.0,490.0,FEB 2026 INV,false,,,
37655,Funded,2026-02-16,2026-02-16,REF#478722 // PO#INV133659,Rentex,"RENTEX, INC/ HQ",3.0,1700.0,1010.0,85.0,55.25,55.25,29.75,"LV TRANSPORTATION, LLC",37655.0,605.0,FEB 2026 INV,true,,85.0,triumph
37701,Funded,2026-02-17,2026-02-17,REF#475282/45285 PO#INV133778 ORDER # 47,Rentex,"RENTEX, INC/ HQ",2.0,765.0,126.75,38.25,24.8625,24.8625,13.3875,HECTOR D CARATACHEA,37701.0,600.0,FEB 2026 INV,true,,38.25,triumph
37069,Funded,2026-02-17,2026-02-17,REF#474655 | PO#INV132026,Rentex,"RENTEX, INC/ HQ",2.0,750.0,212.5,37.5,24.375,24.375,13.125,SANCHEZ BRUZON LLC,37069.0,500.0,FEB 2026 INV,true,,37.5,triumph
38136,Funded,2026-02-17,2026-02-17,26-1126-JKZT0000064,Insync Productions,"INSYNC PRODUCTIONS, LLC",2.0,750.0,262.5,37.5,24.375,,13.125,MCKOY ENTERPRISES INC,38136.0,450.0,FEB 2026 INV,false,,,
37662,Funded,2026-02-17,2026-02-17,REF#477726 // PO#INV133683,Rentex,"RENTEX, INC/ HQ",2.0,675.0,191.25,33.75,21.9375,21.9375,11.8125,LEVINSON TRUCKING LLC,37662.0,450.0,FEB 2026 INV,true,,33.75,triumph
38241,Funded,2026-02-17,2026-02-17,REF#485159 PO#INV135379,Rentex,"RENTEX, INC/ HQ",2.0,1300.0,635.0,65.0,42.25,42.25,22.75,NITRO LOGISTICS INC,38241.0,600.0,FEB 2026 INV,true,,65.0,triumph
38013,Funded,2026-02-17,2026-02-17,PO# 107784,On Services,"ON SERVICES, LLC",2.0,1300.0,-565.0,65.0,42.25,,22.75,CONTINENTAL TRANSPORT LLC,38013.0,2000.0,FEB 2026 INV,false,,,
38359,Funded,2026-02-18,2026-02-18,26-1324-JKZT0000074,Insync Productions,"INSYNC PRODUCTIONS, LLC",1.0,750.0,32.5,37.5,24.375,,13.125,LBH TRANSPORT INC,38359.0,680.0,FEB 2026 INV,false,,,
38137,Funded,2026-02-18,2026-02-18,26-1126-JKZT0000064,Insync Productions,"INSYNC PRODUCTIONS, LLC",1.0,750.0,212.5,37.5,24.375,,13.125,LBH TRANSPORT INC,38137.0,500.0,FEB 2026 INV,false,,,
38350,Funded,2026-02-18,2026-02-18,26-1286-JKZT0000075,Insync Productions,"INSYNC PRODUCTIONS, LLC",1.0,1985.0,435.75,99.25,64.5125,,34.7375,CB LEGO LOGISTICS LLC,38350.0,1450.0,FEB 2026 INV,false,,,
38416,Funded,2026-02-18,2026-02-18,REF#487742 PO#INV135962,Rentex,"RENTEX, INC/ HQ",1.0,925.0,228.75,46.25,30.0625,30.0625,16.1875,SULLEN'S TRANSPORTATION INTERNATIONAL LLC,38416.0,650.0,FEB 2026 INV,true,,46.25,triumph
38011,Funded,2026-02-18,2026-02-18,PO# 107784,On Services,"ON SERVICES, LLC",1.0,3200.0,190.0,160.0,104.0,,56.0,GUARDIAN TRANSPORTATION LLC,38011.0,2850.0,FEB 2026 INV,false,,,
38012,Funded,2026-02-18,2026-02-18,PO# 107784,On Services,"ON SERVICES, LLC",1.0,3200.0,190.0,160.0,104.0,,56.0,GUARDIAN TRANSPORTATION LLC,38012.0,2850.0,FEB 2026 INV,false,,,
38251,Funded,2026-02-18,2026-02-18,PO# 107784,On Services,"ON SERVICES, LLC",1.0,3200.0,190.0,160.0,104.0,,56.0,GUARDIAN TRANSPORTATION LLC,38251.0,2850.0,FEB 2026 INV,false,,,
38398,Funded,2026-02-18,2026-02-18,OG2026021300026/MT2026020600050,Gofo Inc,GOFO INC.,2.0,7000.0,450.0,350.0,227.5,227.5,122.5,VIS INC,38398.0,6200.0,FEB 2026 INV,true,,350.0,triumph
38357,Funded,2026-02-19,2026-02-19,26-1324-JKZT0000074,Insync Productions,"INSYNC PRODUCTIONS, LLC",1.0,750.0,192.5,37.5,24.375,,13.125,NEW SERVICE TRANSPORT LLC,38357.0,520.0,FEB 2026 INV,false,,,
38455,Funded,2026-02-19,2026-02-19,MT2026021600047,Gofo Inc,GOFO INC.,1.0,650.0,117.5,32.5,21.125,21.125,11.375,MJ TRANSPORT OF ORLANDO LLC,38455.0,500.0,FEB 2026 INV,true,,32.5,triumph
38424,Funded,2026-02-19,2026-02-19,MT2026021300050,Gofo Inc,GOFO INC.,1.0,650.0,117.5,32.5,21.125,21.125,11.375,MJ TRANSPORT OF ORLANDO LLC,38424.0,500.0,FEB 2026 INV,true,,32.5,triumph
38365,Funded,2026-02-19,2026-02-19,MT2026020600050,Gofo Inc,GOFO INC.,1.0,650.0,117.5,32.5,21.125,21.125,11.375,MJ TRANSPORT OF ORLANDO LLC,38365.0,500.0,FEB 2026 INV,true,,32.5,triumph
37654,Funded,2026-02-19,2026-02-19,REF#478722 // PO#INV133659,Rentex,"RENTEX, INC/ HQ",1.0,1700.0,415.0,85.0,55.25,55.25,29.75,HEAVY LANE TRANSPORT,37654.0,1200.0,FEB 2026 INV,true,,85.0,triumph
37702,Funded,2026-02-19,2026-02-19,REF#475282/45285-PO#INV133778,Rentex,"RENTEX, INC/ HQ",1.0,765.0,126.75,38.25,24.8625,24.8625,13.3875,HECTOR D CARATACHEA,37702.0,600.0,FEB 2026 INV,true,,38.25,triumph
37032,Funded,2026-02-19,2026-02-19,REF#472684 / PO#INV131951,Rentex,"RENTEX, INC/ HQ",1.0,1300.0,335.0,65.0,42.25,42.25,22.75,NEST GROUP LLC,37032.0,900.0,FEB 2026 INV,true,,65.0,triumph
38388,Funded,2026-02-20,2026-02-20,26-1286-JKZT0000075,Insync Productions,"INSYNC PRODUCTIONS, LLC",4.0,1985.0,885.75,99.25,64.5125,,34.7375,KARAM LLC,38388.0,1000.0,FEB 2026 INV,false,,,
38257,Funded,2026-02-20,2026-02-20,REF#485604/PO#INV135486,Rentex,"RENTEX, INC/ HQ",4.0,750.0,212.5,37.5,24.375,24.375,13.125,LTE TRUCKING INC,38257.0,500.0,FEB 2026 INV,true,,37.5,triumph
38515,Funded,2026-02-23,2026-02-23,REF#487062PO#INV136480,Rentex,"RENTEX, INC/ HQ",1.0,925.0,228.75,46.25,30.0625,30.0625,16.1875,REAL MATERIAL LOGISTICS LLC,38515.0,650.0,FEB 2026 INV,true,,46.25,triumph
38252,Funded,2026-02-23,2026-02-23,REF#484812 PO#INV135445,Rentex,"RENTEX, INC/ HQ",1.0,575.0,196.25,28.75,18.6875,18.6875,10.0625,LETS GO TRANSPORT LLC,38252.0,350.0,FEB 2026 INV,true,,28.75,triumph
38456,Funded,2026-02-23,2026-02-23,REF#479080/PO#INV136174,Rentex,"RENTEX, INC/ HQ",1.0,700.0,165.0,35.0,22.75,22.75,12.25,HM TRANSPORTES LLC,38456.0,500.0,FEB 2026 INV,true,,35.0,triumph
37663,Funded,2026-02-23,2026-02-23,REF#477726 // PO#INV133683,Rentex,"RENTEX, INC/ HQ",2.0,800.0,172.5,40.0,26.0,26.0,14.0,2131 TRANSPORTATION LLC,37663.0,587.5,FEB 2026 INV,true,,40.0,triumph
38246,Funded,2026-02-24,2026-02-24,278522 / PO#107963,On Services,"ON SERVICES, LLC",1.0,4750.0,1012.5,237.5,154.375,,83.125,LANDSTAR RANGER INC,38246.0,3500.0,FEB 2026 INV,false,,,
38513,Funded,2026-02-24,2026-02-24,REF#477192/480594/488956-PO#INV136416,Rentex,"RENTEX, INC/ HQ",1.0,900.0,175.0,45.0,29.25,29.25,15.75,UNITED EAGLES TRUCKING,38513.0,680.0,FEB 2026 INV,true,,45.0,triumph
38542,Funded,2026-02-24,2026-02-24,REF#486186/486184/486178/486177/484532P,Rentex,"RENTEX, INC/ HQ",1.0,1100.0,245.0,55.0,35.75,35.75,19.25,"TAYLOR TRANSPORTATION, LLC",38542.0,800.0,FEB 2026 INV,true,,55.0,triumph
38258,Funded,2026-02-24,2026-02-24,REF#485604PO#INV135486,Rentex,"RENTEX, INC/ HQ",1.0,750.0,212.5,37.5,24.375,24.375,13.125,LTE TRUCKING INC,38258.0,500.0,FEB 2026 INV,true,,37.5,triumph
37746,Funded,2026-02-25,2026-02-25,REF#473902 / PO#INV133975,Rentex,"RENTEX, INC/ HQ",2.0,950.0,152.5,47.5,30.875,30.875,16.625,ALL ROADS TRANSPORTATION LLC,37746.0,750.0,FEB 2026 INV,true,,47.5,triumph
38417,Funded,2026-02-26,2026-02-26,REF#487742PO#INV135962,Rentex,"RENTEX, INC/ HQ",5.0,925.0,293.75,46.25,30.0625,30.0625,16.1875,LETICIA TRANS LLC,38417.0,585.0,FEB 2026 INV,true,,46.25,triumph
38079,Funded,2026-02-26,2026-02-26,REF#483728 / PO#INV135029,Rentex,"RENTEX, INC/ HQ",5.0,950.0,252.5,47.5,30.875,30.875,16.625,MOX LOGISTICS LLC,38079.0,650.0,FEB 2026 INV,true,,47.5,triumph
38462,Funded,2026-02-26,2026-02-26,MT2026021700050,Gofo Inc,GOFO INC.,5.0,650.0,117.5,32.5,21.125,21.125,11.375,MJ TRANSPORT OF ORLANDO LLC,38462.0,500.0,FEB 2026 INV,true,,32.5,triumph
38615,Funded,2026-02-26,2026-02-26,PO# INV136830/REF# 490749,Rentex,"RENTEX, INC/ HQ",5.0,700.0,315.0,35.0,22.75,22.75,12.25,UNITED FLEET CORP,38615.0,350.0,FEB 2026 INV,true,,35.0,triumph
38568,Funded,2026-02-26,2026-02-26,GOFO GROUNDOG2026022000027,Gofo Inc,GOFO INC.,5.0,7300.0,1035.0,365.0,237.25,237.25,127.75,BANDRANA TRANSPORT INC,38568.0,5900.0,FEB 2026 INV,true,,365.0,triumph
37249,Funded,2026-02-27,2026-02-27,REF#476340/488118 PO#INV132618,Rentex,"RENTEX, INC/ HQ",4.0,650.0,167.5,32.5,21.125,21.125,11.375,VALPAC TRUCKING LLC,37249.0,450.0,FEB 2026 INV,true,,32.5,triumph
38514,Funded,2026-02-27,2026-02-27,REF#477192/480594/488956 PO#INV136416,Rentex,"RENTEX, INC/ HQ",4.0,800.0,160.0,40.0,26.0,26.0,14.0,UNITED EAGLES TRUCKING,38514.0,600.0,FEB 2026 INV,true,,40.0,triumph
38457,Funded,2026-02-27,2026-02-27,REF#479080 PO#INV136174,Rentex,"RENTEX, INC/ HQ",4.0,700.0,165.0,35.0,22.75,22.75,12.25,HM TRANSPORTES LLC,38457.0,500.0,FEB 2026 INV,true,,35.0,triumph
38080,Funded,2026-02-27,2026-02-27,REF#483728 PO#INV135029,Rentex,"RENTEX, INC/ HQ",4.0,950.0,127.5,47.5,30.875,30.875,16.625,AMELIA AVILA,38080.0,775.0,FEB 2026 INV,true,,47.5,triumph
38632,Funded,2026-02-27,2026-02-27,REF#481374PO#INV136943,Rentex,"RENTEX, INC/ HQ",4.0,950.0,202.5,47.5,30.875,30.875,16.625,MOONY TRUCKING INC,38632.0,700.0,FEB 2026 INV,true,,47.5,triumph
38617,Funded,2026-03-02,2026-03-02,OG2026022300026/GOFO GROUND,Gofo Inc,GOFO INC.,3.0,7000.0,450.0,350.0,227.5,227.5,122.5,VIS INC,38617.0,6200.0,MAR 2026 INV,true,,350.0,triumph
38636,Funded,2026-03-02,2026-03-02,26-1327 PO#JKZT0000091,Insync Productions,"INSYNC PRODUCTIONS, LLC",3.0,1750.0,462.5,87.5,56.875,56.875,30.625,S & T TRANSPORT LLC,38636.0,1200.0,MAR 2026 INV,true,2026-04-07,87.5,flexent
38371,Funded,2026-03-03,2026-03-03,REF#477793/PO#INV135792,Rentex,"RENTEX, INC/ HQ",2.0,1600.0,120.0,80.0,52.0,,28.0,MARONG ENTERPRISE LLC,38371.0,1400.0,MAR 2026 INV,false,,,
38516,Funded,2026-03-03,2026-03-03,REF#487062-PO#INV136480,Rentex,"RENTEX, INC/ HQ",2.0,925.0,278.75,46.25,30.0625,,16.1875,LEAZON TRUCKING LLC,38516.0,600.0,MAR 2026 INV,false,,,
38744,Funded,2026-03-03,2026-03-03,REF#492419 PO#INV137328,Rentex,"RENTEX, INC/ HQ",2.0,600.0,270.0,30.0,19.5,19.5,10.5,COGE LOGISTICS LLC,38744.0,300.0,MAR 2026 INV,true,,30.0,triumph
38638,Funded,2026-03-03,2026-03-03,26-1327-PO#JKZT0000091,Insync Productions,"INSYNC PRODUCTIONS, LLC",2.0,2137.5,580.62,106.88,69.46875,69.46875,37.40625,PANJSHIR LLC,38638.0,1450.0,MAR 2026 INV,true,2026-04-07,106.88,flexent
38635,Funded,2026-03-03,2026-03-03,26-1327-PO#JKZT0000091,Insync Productions,"INSYNC PRODUCTIONS, LLC",2.0,1750.0,662.5,87.5,56.875,56.875,30.625,"CARL AND NICOLE FLICKINGER, SMALL DOG TRUCKING LLC",38635.0,1000.0,MAR 2026 INV,true,2026-04-07,87.5,flexent
38253,Funded,2026-03-03,2026-03-03,REF#484812 PO#INV135445,Rentex,"RENTEX, INC/ HQ",2.0,575.0,196.25,28.75,18.6875,18.6875,10.0625,DG NATIONAL LLC,38253.0,350.0,MAR 2026 INV,true,,28.75,triumph
37948,Funded,2026-03-03,2026-03-03,REF#479441-PO#INV134627,Rentex,"RENTEX, INC/ HQ",2.0,725.0,158.75,36.25,23.5625,23.5625,12.6875,Y & P CARGO TRANSPORT LLC,37948.0,530.0,MAR 2026 INV,true,,36.25,triumph
38432,Funded,2026-03-03,2026-03-03,REF#488077 PO#INV136050,Rentex,"RENTEX, INC/ HQ",2.0,750.0,162.5,37.5,24.375,24.375,13.125,LYFE'S GOOD LOGISTICS LLC,38432.0,550.0,MAR 2026 INV,true,,37.5,triumph
37747,Funded,2026-03-03,2026-03-03,REF#473902 PO#INV133975,Rentex,"RENTEX, INC/ HQ",2.0,950.0,302.5,47.5,30.875,30.875,16.625,ADAMANT DISPATCH LLC,37747.0,600.0,MAR 2026 INV,true,,47.5,triumph
38431,Funded,2026-03-03,2026-03-03,REF#488077PO#INV136050,Rentex,"RENTEX, INC/ HQ",2.0,750.0,162.5,37.5,24.375,24.375,13.125,J&J TRANSPORT LLC,38431.0,550.0,MAR 2026 INV,true,,37.5,triumph
38637,Funded,2026-03-04,2026-03-04,26-132 PO#JKZT0000091,Insync Productions,"INSYNC PRODUCTIONS, LLC",2.0,1750.0,462.5,87.5,56.875,56.875,30.625,MAY S INC,38637.0,1200.0,MAR 2026 INV,true,2026-04-07,87.5,flexent
38798,Funded,2026-03-04,2026-03-04,PO# INV137570REF# 493084,Rentex,"RENTEX, INC/ HQ",2.0,565.0,186.75,28.25,18.3625,18.3625,9.8875,ACIES TRANSPORT LLC,38798.0,350.0,MAR 2026 INV,true,,28.25,triumph
38663,Funded,2026-03-05,2026-03-05,26-1327-PO# JKZT0000091,Insync Productions,"INSYNC PRODUCTIONS, LLC",2.0,2350.0,232.5,117.5,76.375,76.375,41.125,E & K CARRIERS LLC,27006022.0,2000.0,MAR 2026 INV,true,2026-04-07,117.5,flexent
38430,Funded,2026-03-05,2026-03-05,REF#483781-PO#INV136042,Rentex,"RENTEX, INC/ HQ",2.0,700.0,250.0,35.0,22.75,22.75,12.25,LEGALLY LOADED LLC,20260403.0,415.0,MAR 2026 INV,true,,35.0,triumph
38747,Funded,2026-03-05,2026-03-05,REF#488938-PO#INV137334,Rentex,"RENTEX, INC/ HQ",2.0,700.0,315.0,35.0,22.75,22.75,12.25,SMJ LOGISTICS INC,27007736.0,350.0,MAR 2026 INV,true,,35.0,triumph
38871,Funded,2026-03-05,2026-03-05,REF#476848/483011-PO#INV137831,Rentex,"RENTEX, INC/ HQ",2.0,925.0,228.75,46.25,30.0625,30.0625,16.1875,ADAMANT DISPATCH LLC,220.0,650.0,MAR 2026 INV,true,,46.25,triumph
38540,Funded,2026-03-05,2026-03-05,REF#482005 PO#INV136538,Rentex,"RENTEX, INC/ HQ",2.0,1125.0,268.75,56.25,36.5625,36.5625,19.6875,FULLY LOADED TRUCKING LLC,OTR-22399897,800.0,MAR 2026 INV,true,,56.25,triumph
38675,Funded,2026-03-06,2026-03-06,26-1327-PO# JKZT0000091,Insync Productions,"INSYNC PRODUCTIONS, LLC",2.0,2350.0,152.5,117.5,76.375,76.375,41.125,SEVEN STAR LOGISTICS LLC,38675.0,2080.0,MAR 2026 INV,true,2026-04-13,117.5,flexent
38666,Funded,2026-03-06,2026-03-06,26-1327-PO# JKZT0000091,Insync Productions,"INSYNC PRODUCTIONS, LLC",2.0,2350.0,192.5,117.5,76.375,76.375,41.125,"STEEL CITY ENTERPRISES, INC.",1328521278.0,2040.0,MAR 2026 INV,true,2026-04-13,117.5,flexent
38668,Funded,2026-03-06,2026-03-06,26-1327-PO# JKZT0000091,Insync Productions,"INSYNC PRODUCTIONS, LLC",2.0,2350.0,52.5,117.5,76.375,76.375,41.125,MODEL FREIGHT LLC,25058.0,2180.0,MAR 2026 INV,true,2026-04-13,117.5,flexent
38372,Funded,2026-03-09,2026-03-09,REF#477793 PO#INV135792,Rentex,"RENTEX, INC/ HQ",1.0,1000.0,150.0,50.0,32.5,32.5,17.5,MARONG ENTERPRISE LLC,748.0,800.0,MAR 2026 INV,true,,50.0,triumph
38854,Funded,2026-03-09,2026-03-09,REF#491924-PO#INV137736,Rentex,"RENTEX, INC/ HQ",1.0,925.0,178.75,46.25,30.0625,30.0625,16.1875,LETS GO TRANSPORT LLC,OTR-22431357,700.0,MAR 2026 INV,true,,46.25,triumph
38590,Funded,2026-03-09,2026-03-09,REF#488422-PO#INV136611,Rentex,"RENTEX, INC/ HQ",1.0,925.0,278.75,46.25,30.0625,30.0625,16.1875,HM TRANSPORTES LLC,OTR-22405105,600.0,MAR 2026 INV,true,,46.25,triumph
38589,Funded,2026-03-09,2026-03-09,REF#488422-PO#INV136611,Rentex,"RENTEX, INC/ HQ",3.0,925.0,278.75,46.25,30.0625,30.0625,16.1875,D&B LOGISTICS GROUP LLC,38589.0,600.0,MAR 2026 INV,true,,46.25,triumph
38759,Funded,2026-03-09,2026-03-09,REF#483714 PO#INV137427,Rentex,"RENTEX, INC/ HQ",3.0,1200.0,140.0,60.0,39.0,39.0,21.0,PRIME EAGLE TRANSPORT LLC,1799.0,1000.0,MAR 2026 INV,true,,60.0,triumph
38761,Funded,2026-03-09,2026-03-09,REF#483714 PO#INV137427,Rentex,"RENTEX, INC/ HQ",3.0,1200.0,140.0,60.0,39.0,39.0,21.0,ENVIO TRAVEL LLC,38761.0,1000.0,MAR 2026 INV,true,,60.0,triumph
38543,Funded,2026-03-09,2026-03-09,REF#486186/486184/486178/486177/484532 P,Rentex,"RENTEX, INC/ HQ",3.0,350.0,182.5,17.5,11.375,11.375,6.125,ERI-FAM LLC,30313-37086,150.0,MAR 2026 INV,true,,17.5,triumph
38541,Funded,2026-03-09,2026-03-09,REF#482005 PO#INV136538,Rentex,"RENTEX, INC/ HQ",3.0,1125.0,168.75,56.25,36.5625,36.5625,19.6875,JN FREIGHT LLC,490.0,900.0,MAR 2026 INV,true,,56.25,triumph
38923,Funded,2026-03-09,2026-03-09,REF#493965 PO#INV138041,Rentex,"RENTEX, INC/ HQ",3.0,925.0,278.75,46.25,30.0625,30.0625,16.1875,HM TRANSPORTES LLC,OTR-22432435,600.0,MAR 2026 INV,true,,46.25,triumph
38750,Funded,2026-03-10,2026-03-10,REF#488938 PO#INV137334,Rentex,"RENTEX, INC/ HQ",2.0,700.0,215.0,35.0,22.75,22.75,12.25,PARVIZ TRANSPORTATION LLC,13431180611.0,450.0,MAR 2026 INV,true,,35.0,triumph
37949,Funded,2026-03-10,2026-03-10,REF#479441 PO#INV134627,Rentex,"RENTEX, INC/ HQ",2.0,725.0,188.75,36.25,23.5625,23.5625,12.6875,SIRCO LOGISTIC LLC,37949.0,500.0,MAR 2026 INV,true,,36.25,triumph
38741,,,,,Gofo Express,GOFO EXPRESS,,7000.0,450.0,350.0,350.0,,,CITY LINE INC,,6200.0,MAR 2026 INV,false,,,
38806,,2026-03-11,,OG2026030200009 GOFO GROUND,Gofo Express,GOFO EXPRESS,,7000.0,450.0,350.0,350.0,350.0,,VIS INC.,,,MAR 2026 INV,true,,350.0,triumph
38621,,2026-03-11,,,Ironclad Environmental,IRONCLAD ENVIRONMENTAL SOLUTIONS,,2000.0,650.0,100.0,100.0,,,RAMPINE TRUCKING INC,,,MAR 2026 INV,false,,,
38620,,2026-03-11,,,Ironclad Environmental,IRONCLAD ENVIRONMENTAL SOLUTIONS,,2000.0,650.0,100.0,100.0,,,RAMPINE TRUCKING INC,,,MAR 2026 INV,false,,,
38619,,2026-03-11,,,Ironclad Environmental,IRONCLAD ENVIRONMENTAL SOLUTIONS,,2000.0,800.0,100.0,100.0,,,TERRA TRANS LLC,,,MAR 2026 INV,false,,,
38498,,2026-03-11,,280850-PO#108394,On Services,ON-SERVICES,,4100.0,895.0,205.0,205.0,205.0,,LANDSTAR RANGER INC,,,MAR 2026 INV,true,2026-04-13,205.0,flexent
38496,,2026-03-11,,280849-PO#108389,On Services,ON-SERVICES,,4100.0,895.0,205.0,205.0,205.0,,LANDSTAR RANGER INC,,,MAR 2026 INV,true,2026-04-13,205.0,flexent
38249,,2026-03-11,,PO#107966,On Services,ON-SERVICES,,4625.0,893.75,231.25,231.25,,,LANDSTAR RANGER INC,,,MAR 2026 INV,false,,,
38248,,2026-03-11,,PO#107966,On Services,ON-SERVICES,,4625.0,893.75,231.25,231.25,,,LANDSTAR RANGER INC,,,MAR 2026 INV,false,,,
38247,,2026-03-11,,278522/ PO#107963,On Services,ON-SERVICES,,4750.0,1012.5,237.5,237.5,,,LANDSTAR RANGER INC,,,MAR 2026 INV,false,,,
37699,,,,,Rentex,RENTEX MASSACHUSETTS,,765.0,126.75,38.25,38.25,,,UNITED EAGLES TRUCKING,,600.0,MAR 2026 INV,true,2026-04-21,38.25,flexent
38634,,,,,Rentex,RENTEX MASSACHUSETTS,,950.0,252.5,47.5,47.5,,,TATE AND SONS LLC,,650.0,MAR 2026 INV,true,2026-04-21,47.5,flexent
38787,,,,,Rentex,RENTEX MASSACHUSETTS,,900.0,155.0,45.0,45.0,,,MEMORABLE LOGISTICS LLC,,700.0,MAR 2026 INV,true,2026-04-21,45.0,flexent
38929,,,,,Capacity Express,Capacity Express,,1.0,-149.05,0.05,0.05,,,Capacity Express,,150.0,MAR 2026 INV,false,,,
39070,,,,,Rentex,RENTEX MASSACHUSETTS,,800.0,155.0,40.0,40.0,,,BEXPRESS LLC,,605.0,MAR 2026 INV,true,2026-04-21,40.0,flexent
39137,,,,,Rentex,RENTEX MASSACHUSETTS,,550.0,172.5,27.5,27.5,,,SIMON NZAU,,350.0,MAR 2026 INV,true,2026-04-21,27.5,flexent
37904,,,,,Rentex,Rentex - MA,,1650.0,267.5,82.5,82.5,,,"Borderlanders, Inc",,1300.0,MAR 2026 INV,true,2026-04-21,82.5,flexent
38507,,,,,Rentex,Rentex - MA,,1200.0,340.0,60.0,60.0,,,"Frantz Milien Transportation, LLC",,800.0,MAR 2026 INV,true,2026-04-21,60.0,flexent
39295,,,,,Rentex,Rentex - MA,,750.0,262.5,37.5,37.5,,,"2nd Nature Trucking, LLC",,450.0,MAR 2026 INV,true,2026-04-21,37.5,flexent
39333,,,,,Rentex,Rentex - MA,,320.0,104.0,16.0,16.0,,,"Sanlo Transport, LLC",,200.0,MAR 2026 INV,true,2026-04-21,16.0,flexent
39334,,,,,Rentex,Rentex - MA,,320.0,104.0,16.0,16.0,,,"Sanlo Transportation, LLC",,200.0,MAR 2026 INV,true,2026-04-21,16.0,flexent
39366,,,,,Insomniac,Insomniac,,1350.0,182.5,67.5,67.5,,,"F&R Xpress, LLC",,1100.0,MAR 2026 INV,false,,,
39367,,,,,Insomniac,Insomniac,,300.0,135.0,15.0,15.0,,,"Hidrocalido Trucking, LLC",,150.0,MAR 2026 INV,false,,,
38755,,,,,Rentex,Rentex - MA,,1000.0,200.0,50.0,50.0,,,"Tolefree & Company, LLC",,750.0,MAR 2026 INV,true,2026-04-21,50.0,flexent
38870,,,,,Rentex,Rentex - MA,,2650.0,367.5,132.5,132.5,,,"Veteran Elite Transport, LLC",,2150.0,MAR 2026 INV,true,2026-04-21,132.5,flexent
37903,,,,,Rentex,Rentex-Massachusetts,,3350.0,82.5,167.5,167.5,,,"ESM The Bullet, LLC",,3100.0,MAR 2026 INV,true,2026-04-21,167.5,flexent
38132,,,,,Rentex,RENTEX MASSACHUSETTS,,400.0,80.0,20.0,20.0,,,DHANA LOGISTICS INC,,300.0,MAR 2026 INV,true,2026-04-21,20.0,flexent
38133,,,,,Rentex,Rentex-Massachusetts,,400.0,80.0,20.0,20.0,,,DHANA LOGISTICS INC,,300.0,MAR 2026 INV,true,2026-04-21,20.0,flexent
38337,,,,,Rentex,RENTEX MASSACHUSETTS,,1500.0,125.0,75.0,75.0,,,ABC PARTS INC,,1300.0,MAR 2026 INV,true,2026-04-21,75.0,flexent
38441,,,,,Rentex,RENTEX MASSACHUSETTS,,285.0,-329.25,14.25,14.25,,,HM TRANSPORTES LLC,,600.0,MAR 2026 INV,true,2026-04-21,14.25,flexent
38497,,,,,On Services,ON SERVICES,,4100.0,895.0,205.0,205.0,,,LANDSTAR,,3000.0,MAR 2026 INV,true,2026-05-01,205.0,flexent
38499,,,,,On Services,ON SERVICES,,4100.0,895.0,205.0,205.0,,,LANDSTAR,,3000.0,MAR 2026 INV,true,2026-05-01,205.0,flexent
38504,,,,,Rentex,Rentex-Massachusetts,,1200.0,140.0,60.0,60.0,,,Classic Logistics LLC,,1000.0,MAR 2026 INV,true,2026-04-21,60.0,flexent
38762,,,,,Rentex,RENTEX MASSACHUSETTS,,1600.0,120.0,80.0,80.0,,,CHEWA HILL LOGISTICS LLC,,1400.0,MAR 2026 INV,true,2026-04-21,80.0,flexent
38763,,,,,Rentex,RENTEX MASSACHUSETTS,,1600.0,70.0,80.0,80.0,,,RIGHTNOW GLOBAL SOLTIONS LLC,,1450.0,MAR 2026 INV,true,2026-04-21,80.0,flexent
38764,,,,,Rentex,RENTEX MASSACHUSETTS,,1600.0,70.0,80.0,80.0,,,JMC & RE-UP PROPERTIES LLC,,1450.0,MAR 2026 INV,true,2026-04-21,80.0,flexent
38766,,,,,Rentex,RENTEX,,600.0,170.0,30.0,30.0,,,JCG TRUCKING SERVICES LLC,,400.0,MAR 2026 INV,true,2026-04-21,30.0,flexent
38786,,,,,Rentex,RENTEX,,900.0,55.0,45.0,45.0,,,SAFEWAY TRUCK LINES LLC,,800.0,MAR 2026 INV,true,2026-04-21,45.0,flexent
38846,,,,,On Services,ON-SERVICES,,5700.0,1710.0,285.0,285.0,,,Show Freight Inc,,3705.0,MAR 2026 INV,true,2026-04-24,285.0,flexent
38847,,,,,On Services,ON-SERVICES,,4200.0,1260.0,210.0,210.0,,,Show Freight Inc,,2730.0,MAR 2026 INV,true,2026-04-24,210.0,flexent
38855,,,,,Rentex,RENTEX MASSACHUSETTS,,925.0,178.75,46.25,46.25,,,LETS GO TRANSPORT LLC,,700.0,MAR 2026 INV,true,2026-04-21,46.25,flexent
38861,,,,,Rentex,RENTEX MASSACHUSETTS,,750.0,212.5,37.5,37.5,,,DHANA LOGISTICS INC,,500.0,MAR 2026 INV,true,2026-04-21,37.5,flexent
38872,,,,,Rentex,RENTEX MASSACHUSETTS,,925.0,278.75,46.25,46.25,,,HM TRANSPORTES LLC,,600.0,MAR 2026 INV,true,2026-04-21,46.25,flexent
38875,,,,,Gofo Express,GOFO EXPRESS,,650.0,117.5,32.5,32.5,32.5,,MJ TRANSPORT OF ORLANDO LLC,,500.0,MAR 2026 INV,true,2026-04-08,32.5,flexent
38879,,,,,Gofo Express,GOFO EXPRESS,,650.0,117.5,32.5,32.5,32.5,,MJ TRANSPORT OF ORLANDO LLC,,500.0,MAR 2026 INV,true,2026-04-08,32.5,flexent
38939,,,,,Gofo Express,GOFO EXPRESS,,7000.0,450.0,350.0,350.0,350.0,,TWIN CITIES XPRESS LLC,,6200.0,MAR 2026 INV,true,,350.0,triumph
38975,,,,,Rentex,Rentex-Massachusetts,,1125.0,318.75,56.25,56.25,,,Capacity Express,,750.0,MAR 2026 INV,true,2026-04-21,56.25,flexent
39002,,,,,Rentex,RENTEX,,900.0,105.0,45.0,45.0,,,SAFEWAY TRUCK LINES LLC,,750.0,MAR 2026 INV,true,2026-04-21,45.0,flexent
39003,,,,,Rentex,RENTEX MASSACHUSETTS,,900.0,105.0,45.0,45.0,,,SAFEWAY TRUCK LINES,,750.0,MAR 2026 INV,true,2026-04-21,45.0,flexent
39034,,,,,Gofo Express,GOFO EXPRESS,,650.0,117.5,32.5,32.5,32.5,,MJ TRANSPORT OF ORLANDO LLC,,500.0,MAR 2026 INV,true,,32.5,triumph
39050,,,,,Rentex,RENTEX MASSACHUSETTS,,993.0,343.35,49.65,49.65,,,MIGLANI TRUCKING LLC,,600.0,MAR 2026 INV,true,2026-04-21,49.65,flexent
39051,,,,,Rentex,Rentex-Massachusetts,,993.0,253.35,49.65,49.65,,,Arauzespinoza,,690.0,MAR 2026 INV,true,2026-04-21,49.65,flexent
39073,,,,,Rentex,Rentex-Massachusetts,,700.0,115.0,35.0,35.0,,,Capacity Express,,550.0,MAR 2026 INV,true,2026-04-21,35.0,flexent
39074,,,,,Rentex,RENTEX MASSACHUSETTS,,500.0,125.0,25.0,25.0,,,FAVORED ELITE LLC,,350.0,MAR 2026 INV,true,2026-04-21,25.0,flexent
39084,,,,,Rentex,RENTEX MASSACHUSETTS,,1350.0,132.5,67.5,67.5,,,R & BG TRANSPORT LLC,,1150.0,MAR 2026 INV,true,2026-04-21,67.5,flexent
39085,,,,,Rentex,Rentex-Massachusetts,,1350.0,182.5,67.5,67.5,,,Capacity Express,,1100.0,MAR 2026 INV,true,2026-04-21,67.5,flexent
39100,,,,,Rentex,RENTEX MASSACHUSETTS,,1250.0,287.5,62.5,62.5,,,YEMA FREIGHT LLC,,900.0,MAR 2026 INV,true,2026-04-21,62.5,flexent
39106,,,,,Rentex,RENTEX MASSACHUSETTS,,1200.0,340.0,60.0,60.0,,,E A HUEJUCAR TRANSPORT LLC,,800.0,MAR 2026 INV,true,2026-04-21,60.0,flexent
39109,,,,,Rentex,RENTEX MASSACHUSETTS,,925.0,228.75,46.25,46.25,,,POINT TO POINT TRANSPORTATION LLC,,650.0,MAR 2026 INV,true,2026-04-21,46.25,flexent
39141,,,,,Rentex,RENTEX MASSACHUSETTS,,650.0,-172.5,32.5,32.5,,,TIM P LE,,790.0,MAR 2026 INV,true,2026-04-21,32.5,flexent
39142,,,,,Rentex,RENTEX MASSACHUSETTS,,650.0,-32.5,32.5,32.5,,,ARAUZESPINOZA,,650.0,MAR 2026 INV,true,2026-04-21,32.5,flexent
39143,,,,,Rentex,RENTEX MASSACHUSETTS,,650.0,-32.5,32.5,32.5,,,ARAUZESPINOZA,,650.0,MAR 2026 INV,true,2026-04-21,32.5,flexent
39174,,,,,Rentex,Rentex-Massachusetts,,1025.0,323.75,51.25,51.25,,,HM Transportes LLC (MC-1668335)-SPX,,650.0,MAR 2026 INV,true,2026-04-21,51.25,flexent
39197,,,,,Insomniac,Insomniac / Nighht OWl,,960.0,-188.0,48.0,48.0,,,J&F Freight LLC,,1100.0,MAR 2026 INV,false,,,
39213,,,,,Rentex,Rentex - Dallas,,900.0,255.0,45.0,45.0,,,LONG HAULERS EXPEDITED SERVICES LLC,,600.0,MAR 2026 INV,true,2026-04-21,45.0,flexent
39244,,,,,Rentex,Rentex-Massachusetts,,1250.0,137.5,62.5,62.5,,,Capacity Express,,1050.0,MAR 2026 INV,true,2026-04-21,62.5,flexent
39294,,,,,Rentex,Rentex-Massachusetts,,750.0,212.5,37.5,37.5,,,Capacity Express,,500.0,MAR 2026 INV,true,2026-04-21,37.5,flexent
39359,,,,,Rentex,RENTEX MASSACHUSETTS,,950.0,102.5,47.5,47.5,,,CROWN AUTO CARRIERS INC,,800.0,MAR 2026 INV,true,2026-04-21,47.5,flexent
37845,,,,,Rentex,RENTEX MASSACHUSETTS,,1385.0,265.75,69.25,69.25,,,FLEMM TRANSPORT SERVICE,,1050.0,MAR 2026 INV,false,,,
38442,,,,,Rentex,RENTEX MASSACHUSETTS,,285.0,-379.25,14.25,14.25,,,LETICIA TRANS,,650.0,MAR 2026 INV,false,,,
38667,,,,,Insync Productions,INSYNC PRODUCTIONS,,300.0,135.0,15.0,15.0,,,ASBER EXPRESS,,150.0,MAR 2026 INV,true,2026-05-04,15.0,flexent
38760,,,,,Rentex,RENTEX MASSACHUSETTS,,1200.0,140.0,60.0,60.0,,,OUR HOUSE IS A HOME TRANSPORTATION,,1000.0,MAR 2026 INV,false,,,
39104,,,,,Rentex,Rentex - MA,,1500.0,150.0,75.0,75.0,,,"Big Ant's Transport, LLC",,1275.0,MAR 2026 INV,true,2026-05-01,75.0,flexent
39112,,,,,Rentex,RENTEX MASSACHUSETTS,,3400.0,230.0,170.0,170.0,,,RANGE X TRANS LLC,,3000.0,MAR 2026 INV,false,,,
39250,,,,,Rentex,RENTEX MASSACHUSETTS,,1000.0,175.0,50.0,50.0,,,ALWAYS THERE LOGISTICS INC,,775.0,MAR 2026 INV,false,,,
38863,,,,,Rentex,Rentex - MA,,750.0,212.5,37.5,37.5,,,"Gueros Logistics, LLC",,500.0,MAR 2026 INV,true,2026-05-01,37.5,flexent
38869,,,,,Rentex,Rentex - MA,,1650.0,192.5,82.5,82.5,,,"Five Boys Logistics, Inc.",,1375.0,MAR 2026 INV,true,2026-05-01,82.5,flexent
39105,,,,,Rentex,Rentex - MA,,1600.0,270.0,80.0,80.0,,,Dropping Jewells. Inc,,1250.0,MAR 2026 INV,true,2026-05-01,80.0,flexent
39114,,,,,Rentex,Rentex - MA,,1600.0,70.0,80.0,80.0,,,"Range X Trans, LLC",,1450.0,MAR 2026 INV,true,2026-05-01,80.0,flexent
39132,,,,,Rentex,Rentex - MA,,650.0,-32.5,32.5,32.5,,,Tim P LE,,650.0,MAR 2026 INV,true,2026-05-01,32.5,flexent
39133,,,,,Rentex,Rentex - MA,,300.0,135.0,15.0,15.0,,,Arauzespinoza,,150.0,MAR 2026 INV,true,2026-05-01,15.0,flexent
39134,,,,,Rentex,Rentex - MA,,300.0,135.0,15.0,15.0,,,Arauzespinoza,,150.0,MAR 2026 INV,true,2026-05-01,15.0,flexent
39135,,,,,Rentex,Rentex - MA,,650.0,-282.5,32.5,32.5,,,"Jassar Trans, Inc",,900.0,MAR 2026 INV,true,2026-05-01,32.5,flexent
39136,,,,,Rentex,Rentex - MA,,650.0,-32.5,32.5,32.5,,,"Jadla Transportation, Inc",,650.0,MAR 2026 INV,true,2026-05-01,32.5,flexent
39175,,,,,Rentex,Rentex - MA,,925.0,228.75,46.25,46.25,,,"Divine Delivery Services, Inc.",,650.0,MAR 2026 INV,true,2026-05-01,46.25,flexent
39214,,,,,Rentex,Rentex - MA,,700.0,190.0,35.0,35.0,,,"GKS Logistics, LLC",,475.0,MAR 2026 INV,true,2026-05-01,35.0,flexent
39215,,,,,Rentex,Rentex - MA,,1400.0,155.0,70.0,70.0,,,"Royal Opulence, LLC",,1175.0,MAR 2026 INV,true,2026-05-01,70.0,flexent
39216,,,,,Rentex,Rentex - MA,,1470.0,296.5,73.5,73.5,,,"Royal Opulence, LLC",,1100.0,MAR 2026 INV,true,2026-05-01,73.5,flexent
39246,,,,,Rentex,Rentex - MA,,1100.0,165.0,55.0,55.0,,,"Hauling The Way, LLC",,880.0,MAR 2026 INV,true,2026-05-01,55.0,flexent
39385,,,,,Rentex,Rentex - MA,,450.0,197.5,22.5,22.5,,,Olgas Team Corp,,230.0,MAR 2026 INV,true,2026-05-01,22.5,flexent
39408,,,,,Rentex,Rentex - NV,,800.0,310.0,40.0,40.0,,,United Fleet,,450.0,MAR 2026 INV,true,2026-05-01,40.0,flexent
39145,,2026-04-02,,,Rentex,Rentex - MA,,2650.0,717.5,132.5,132.5,132.5,,"Boxhive Hauling, LLC",,1800.0,APR 2026 INV,true,2026-05-01,132.5,flexent
39340,,2026-04-02,,REF#498805-PO#INV140118,Rentex,Rentex - MA,,1400.0,330.0,70.0,70.0,,,"Urbina Logistics, LLC",,1000.0,APR 2026 INV,true,2026-05-01,70.0,flexent
38976,,2026-04-02,,REF#494860-PO#INV138298,Rentex,Rentex - MA,,1125.0,268.75,56.25,56.25,,,"Mathis & Morris Enterprises, LLC",,800.0,APR 2026 INV,true,2026-05-01,56.25,flexent
38756,,2026-04-02,,REF#484643-PO#INV137398,Rentex,Rentex - MA,,1125.0,128.75,56.25,56.25,,,"Tollfree & Company, LLC",,940.0,APR 2026 INV,true,2026-05-01,56.25,flexent
39420,,2026-04-06,,PO#INV140843,Rentex,RENTEX - MASSACHUSETTS,,3700.0,315.0,185.0,185.0,185.0,,ZAMANI ENTERPRISES,,3200.0,APR 2026 INV,true,,185.0,triumph
491730,,2026-04-06,,PO#INV140409,Rentex,RENTEX - MASSACHUSETTS,,800.0,110.0,40.0,40.0,,,JETSTREAM LOGISTIX,,650.0,APR 2026 INV,false,,,
39072,,2026-04-06,,REF#495289 PO#INV138733,Rentex,RENTEX - MASSACHUSETTS,,700.0,115.0,35.0,35.0,,,LAWRENCE GILBERTO DIVINO JR,,550.0,APR 2026 INV,false,,,
39147,,2026-04-06,,REF#496178  PO#INV139108,Rentex,RENTEX - MASSACHUSETTS,,1650.0,217.5,82.5,82.5,,,LBLMX LOGISTICS LLC,,1350.0,APR 2026 INV,false,,,
39400,,2026-04-06,,*109968,On Services,ON SERVICES,,3800.0,610.0,190.0,190.0,,,ZED EXPRESS LLC,,3000.0,APR 2026 INV,false,,,
39399,,2026-04-06,,*109966,On Services,ON SERVICES,,3800.0,860.0,190.0,190.0,,,LANDSTAR RANGER,,2750.0,APR 2026 INV,false,,,
39398,,2026-04-06,,PO#109965,On Services,ON SERVICES,,3800.0,860.0,190.0,190.0,,,LANDSTAR RANGER,,2750.0,APR 2026 INV,false,,,
39297,,2026-04-07,,INV139920,Rentex,Rentex - MA,,1200.0,190.0,60.0,60.0,60.0,,"SM Horizon, LLC",,950.0,APR 2026 INV,true,,60.0,triumph
39418,,2026-04-07,,PO#INV140808,Rentex,Rentex - MA,,7300.0,1635.0,365.0,365.0,365.0,,Frederick Sutherland,,5300.0,APR 2026 INV,true,,365.0,triumph
2000499,,2026-04-07,,PO#INV140904,Rentex,Rentex - MA,,1100.0,145.0,55.0,55.0,55.0,,Zamudio's Trucking,,900.0,APR 2026 INV,true,2026-05-01,55.0,flexent
39417,,2026-04-06,,*109966,On Services,ON SERVICES,,2400.0,580.0,120.0,120.0,,,AGGRANDIZE LLC,,1700.0,APR 2026 INV,false,,,
39341,,2026-04-08,,INV140118,Rentex,Rentex - MA,,1400.0,330.0,70.0,70.0,70.0,,"HAC Transportation, LLC",,1000.0,APR 2026 INV,true,,70.0,triumph
39302,,2026-04-08,,139935.0,Rentex,Rentex - MA,,900.0,255.0,45.0,45.0,45.0,,"Hurana Enterprises, LLC",,600.0,APR 2026 INV,true,,45.0,triumph
39401,,2026-04-09,,109965.0,On Services,On-Services,,3800.0,910.0,190.0,190.0,,,"Proforward, Inc",,2700.0,APR 2026 INV,false,,,
39419,,2026-04-09,,109966.0,On Services,On-Services,,3800.0,610.0,190.0,190.0,,,"G R Express, Inc",,3000.0,APR 2026 INV,false,,,
39403,,2026-04-09,,109968.0,On Services,On-Services,,3800.0,710.0,190.0,190.0,,,"PFO Trucking, LLC",,2900.0,APR 2026 INV,false,,,
39303,,2026-04-09,,139935.0,Rentex,Rentex - MA,,650.0,167.5,32.5,32.5,32.5,,Fiable Zahara Logistics,,450.0,APR 2026 INV,true,,32.5,triumph
39298,,2026-04-13,,139920.0,Rentex,Rentex AV,,950.0,152.5,47.5,47.5,47.5,,Kater Praice Transport Corp,,750.0,APR 2026 INV,true,,47.5,triumph
503891,,2026-04-12,,141217.0,Rentex,Rentex AV,,850.0,207.5,42.5,42.5,42.5,,Arauzespinoza,,600.0,APR 2026 INV,true,,42.5,triumph
504470,,2026-04-13,,141236.0,Rentex,Rentex AV,,950.0,202.5,47.5,47.5,47.5,,"2131 Transportation, LLC",,700.0,APR 2026 INV,true,,47.5,triumph
504652,,2026-04-12,,141285.0,Rentex,Rentex - MA,,600.0,170.0,30.0,30.0,30.0,,"Mercedes & Sons, LLC",,400.0,APR 2026 INV,true,,30.0,triumph
502401,,2026-04-13,,141401.0,Rentex,Rentex AV,,500.0,200.0,25.0,25.0,25.0,,"KJ Transport & Hauling, LLC",,275.0,APR 2026 INV,true,,25.0,triumph
476717,,2026-04-10,,141447.0,Rentex,Rentex - MA,,750.0,212.5,37.5,37.5,,,"OnPoint Delivery Services, LLC",,500.0,APR 2026 INV,false,,,
506252,,2026-04-13,,141716.0,Rentex,Rentex AV,,950.0,-97.5,47.5,47.5,,,"S3 Expediting, LLC",,1000.0,APR 2026 INV,false,,,
2000751,,2026-04-14,,141705.0,Rentex,Rentex - MA,,1402.0,280.9,70.1,70.1,,,"Triumph Trucking, LLC",,1051.0,APR 2026 INV,false,,,
2000686,,2026-04-14,,141447.0,Rentex,Rentex - MA,,750.0,212.5,37.5,37.5,,,Triple M Cleaning and Trucking,,500.0,APR 2026 INV,false,,,
2000678,,2026-04-14,,141447.0,Rentex,Rentex - MA,,750.0,162.5,37.5,37.5,37.5,,"Salcido Trucking, LLC",,550.0,APR 2026 INV,true,,37.5,triumph
2000682,,2026-04-14,,141447.0,Rentex,Rentex - MA,,750.0,212.5,37.5,37.5,37.5,,"Fresh Wind Express Delivery Services, LLC",,500.0,APR 2026 INV,true,,37.5,triumph
2000174,,2026-04-14,,138664.0,Rentex,Rentex - MA,,950.0,202.5,47.5,47.5,47.5,,"Shang Brother, Inc",,700.0,APR 2026 INV,true,,47.5,triumph
2000175,,2026-04-14,,139647.0,Rentex,Rentex - MA,,800.0,160.0,40.0,40.0,40.0,,"Dorsey Trucking & Transportation, LLC",,600.0,APR 2026 INV,true,,40.0,triumph
2000501,,2026-04-14,,109966.0,On Services,On-Services,,3800.0,860.0,190.0,190.0,,,"Landstar Ranger, Inc",,2750.0,APR 2026 INV,false,,,
2000181,,2026-04-16,,138664.0,Rentex,Rentex MA,,750.0,112.5,37.5,37.5,,,Total Outsourcing Logistics,,600.0,APR 2026 INV,false,,,
2000640,,2026-04-16,,141285.0,Rentex,Rentex MA,,600.0,170.0,30.0,30.0,,,Pinnacle Freight and Logistics,,400.0,APR 2026 INV,false,,,
2000677,,2026-04-16,,141447.0,Rentex,Rentex AV,,950.0,315.0,47.5,47.5,,,AL & C Transport,,587.5,APR 2026 INV,false,,,
2000679,,2026-04-16,,141447.0,Rentex,Rentex AV,,750.0,212.5,37.5,37.5,,,ValPac Trucking,,500.0,APR 2026 INV,false,,,
2000680,,2026-04-16,,141447.0,Rentex,Rentex AV,,750.0,162.5,37.5,37.5,,,Tucker Family Freight,,550.0,APR 2026 INV,false,,,
2000681,,2026-04-16,,141447.0,Rentex,Rentex AV,,750.0,127.5,37.5,37.5,,,Pushing P Transportation,,585.0,APR 2026 INV,false,,,
2000803,,2026-04-16,,141285.0,Rentex,Rentex AV,,675.0,241.25,33.75,33.75,,,Lauren Florida Trucks,,400.0,APR 2026 INV,false,,,
2000898,,2026-04-16,,142176.0,Rentex,Rentex MA,,950.0,352.5,47.5,47.5,,,Essentialy Soft,,550.0,APR 2026 INV,false,,,
2000592,,2026-04-20,,141151.0,Rentex,Rentex MA,,1050.0,147.5,52.5,52.5,,,Glory Trans,,850.0,APR 2026 INV,false,,,
2000601,,2026-04-20,,141217.0,Rentex,Rentex MA,,750.0,112.5,37.5,37.5,,,Tim P Le,,600.0,APR 2026 INV,false,,,
2000613,,2026-04-20,,141236.0,Rentex,Rentex MA,,950.0,152.5,47.5,47.5,,,Joanne Enterprise,,750.0,APR 2026 INV,false,,,
2000657,,2026-04-20,,141401.0,Rentex,Rentex MA,,500.0,175.0,25.0,25.0,,,Go Get EmGirl,,300.0,APR 2026 INV,false,,,
2000851,,2026-04-20,,142058.0,Rentex,Rentex MA,,950.0,202.5,47.5,47.5,,,Lets Go Transportation,,700.0,APR 2026 INV,false,,,
2000852,,2026-04-20,,142060.0,Rentex,Rentex MA,,850.0,307.5,42.5,42.5,,,Apexx Express,,500.0,APR 2026 INV,false,,,
2000888,,2026-04-20,,142159.0,Rentex,Rentex MA,,800.0,160.0,40.0,40.0,,,YOS Borrell Trucking,,600.0,APR 2026 INV,false,,,
2000902,,2026-04-20,,142192.0,Rentex,Rentex MA,,650.0,267.5,32.5,32.5,,,United Fleet Corp,,350.0,APR 2026 INV,false,,,
2000914,,2026-04-20,,142223.0,Rentex,Rentex Main,,2000.0,500.0,100.0,100.0,,,McMurray Brothers,,1400.0,APR 2026 INV,false,,,
2000928,,2026-04-20,,110652.0,On Services,On Services,,650.0,217.5,32.5,32.5,,,QuickLink Global,,400.0,APR 2026 INV,false,,,
2000952,,2026-04-20,,142453.0,Rentex,Rentex MA,,550.0,242.5,27.5,27.5,,,Stargate Express,,280.0,APR 2026 INV,false,,,
2000953,,2026-04-20,,142487.0,Rentex,Rentex MA,,900.0,255.0,45.0,45.0,,,2131 Transport,,600.0,APR 2026 INV,false,,,
2000955,,2026-04-20,,142485.0,Rentex,Rentex MA,,750.0,162.5,37.5,37.5,,,MO Transtportaion,,550.0,APR 2026 INV,false,,,
2000956,,2026-04-20,,142485.0,Rentex,Rentex MA,,750.0,318.75,37.5,37.5,,,MSA Express,,393.75,APR 2026 INV,false,,,
2000719,,2026-04-22,,110428.0,On Services,On Services,,6250.0,687.5,312.5,312.5,,,Landstar Ranger,,5250.0,APR 2026 INV,false,,,
2000726,,2026-04-22,,110426.0,On Services,On Services,,5750.0,962.5,287.5,287.5,,,Show Freight,,4500.0,APR 2026 INV,false,,,
2000734,,2026-04-22,,110425.0,On Services,On Services,,5750.0,962.5,287.5,287.5,,,Landstar Ranger,,4500.0,APR 2026 INV,false,,,
2000896,,2026-04-22,,142171.0,Rentex,Rentex MA,,900.0,-45.0,45.0,45.0,,,Nena Trans,,900.0,APR 2026 INV,false,,,
2000987,,2026-04-22,,142681.0,Rentex,Rentex MA,,2550.0,647.5,127.5,127.5,,,YNR Freight,,1775.0,APR 2026 INV,false,,,
2000525,,2026-04-24,,140966.0,Rentex,Rentex,,800.0,160.0,40.0,40.0,,,Mikes Delivery Service,,600.0,APR 2026 INV,false,,,
2000593,,2026-04-24,,141151.0,Rentex,Rentex,,925.0,178.75,46.25,46.25,,,Lets Go Transport,,700.0,APR 2026 INV,false,,,
2000641,,2026-04-24,,141288.0,Rentex,Rentex,,2000.0,100.0,100.0,100.0,,,One Way Logistics,,1800.0,APR 2026 INV,false,,,
2000648,,2026-04-24,,141314.0,Rentex,Rentex,,600.0,195.0,30.0,30.0,,,Pinnacle Freight,,375.0,APR 2026 INV,false,,,
2000954,,2026-04-24,,142487.0,Rentex,Rentex,,750.0,112.5,37.5,37.5,,,Z&C Logistics,,600.0,APR 2026 INV,false,,,
2000957,,2026-04-24,,142485.0,Rentex,Rentex,,750.0,320.0,37.5,37.5,,,Reaching Milestone,,392.5,APR 2026 INV,false,,,
2000958,,2026-04-24,,142485.0,Rentex,Rentex,,750.0,312.5,37.5,37.5,,,No Choice Inc,,400.0,APR 2026 INV,false,,,
2000962,,2026-04-24,,142507.0,Rentex,Rentex,,3850.0,157.5,192.5,192.5,,,SWT Trucking,,3500.0,APR 2026 INV,false,,,
2001018,,2026-04-24,,110786.0,On Services,On Services,,850.0,257.5,42.5,42.5,,,Noe Logistics,,550.0,APR 2026 INV,false,,,
2001051,,2026-04-24,,142894.0,Rentex,Rentex,,800.0,160.0,40.0,40.0,,,Randy Boyz Trans,,600.0,APR 2026 INV,false,,,
2000559,,2026-04-24,,110266.0,On Services,On Services,,5750.0,462.5,287.5,287.5,,,Landstar Ranger,,5000.0,APR 2026 INV,false,,,
2000890,,2026-04-24,,142159.0,Rentex,Rentex,,700.0,165.0,35.0,35.0,,,YOS Borrell,,500.0,APR 2026 INV,false,,,
2000903,,2026-04-24,,142192.0,Rentex,Rentex,,650.0,217.5,32.5,32.5,,,SV Logistics,,400.0,APR 2026 INV,false,,,
2001081,,2026-04-24,,141288.0,Rentex,Rentex,,1450.0,527.5,72.5,72.5,,,Tucker Family,,850.0,APR 2026 INV,false,,,
2000988,,2026-04-24,,None,Rentex,Rentex,,2550.0,647.5,127.5,127.5,,,YNR Freight,,1775.0,APR 2026 INV,false,,,
2000508,,2026-04-27,,140358.0,Rentex,Rentex,,1150.0,267.5,57.5,57.5,,,Jose Antonio Family,,825.0,APR 2026 INV,false,,,
2000511,,2026-04-27,,140358.0,Rentex,Rentex,,1150.0,192.5,57.5,57.5,,,No Choice,,900.0,APR 2026 INV,false,,,
2000513,,2026-04-27,,140122.0,Rentex,Rentex,,530.0,53.5,26.5,26.5,,,Brandon Transportation,,450.0,APR 2026 INV,false,,,
2000526,,2026-04-27,,140966.0,Rentex,Rentex,,800.0,260.0,40.0,40.0,,,Route Runners,,500.0,APR 2026 INV,false,,,
2000649,,2026-04-27,,141314.0,Rentex,Rentex,,600.0,170.0,30.0,30.0,,,Dedicated & Dependable,,400.0,APR 2026 INV,false,,,
2000642,,2026-04-27,,141288.0,Rentex,Rentex,,1600.0,220.0,80.0,80.0,,,One Way Logistics,,1300.0,APR 2026 INV,false,,,
2000650,,2026-04-27,,141316.0,Rentex,Rentex,,925.0,178.75,46.25,46.25,,,Lets Go Transportation,,700.0,APR 2026 INV,false,,,
2000710,,2026-04-27,,141521.0,Rentex,Rentex,,1050.0,197.5,52.5,52.5,,,Fully Loaded Trucking,,800.0,APR 2026 INV,false,,,
2000850,,2026-04-27,,142058.0,Rentex,Rentex,,925.0,328.75,46.25,46.25,,,Ecomm Transit,,550.0,APR 2026 INV,false,,,
2000853,,2026-04-27,,142060.0,Rentex,Rentex,,850.0,307.5,42.5,42.5,,,HN Logistics,,500.0,APR 2026 INV,false,,,
2000875,,2026-04-27,,142134.0,Rentex,Rentex,,1000.0,200.0,50.0,50.0,,,Royal Belt Logistics,,750.0,APR 2026 INV,false,,,
2000907,,2026-04-27,,142203.0,Rentex,Rentex,,800.0,160.0,40.0,40.0,,,2131 Transportation,,600.0,APR 2026 INV,false,,,
2001019,,2026-04-27,,110786.0,On Services,On Services,,850.0,307.5,42.5,42.5,,,McGowan Logistics,,500.0,APR 2026 INV,false,,,
2001053,,2026-04-27,,142934.0,Rentex,Rentex,,850.0,307.5,42.5,42.5,,,United Fleet Corp,,500.0,APR 2026 INV,false,,,
2001063,,2026-04-27,,142971.0,Rentex,Rentex,,850.0,157.5,42.5,42.5,,,United Eagles Trucking,,650.0,APR 2026 INV,false,,,
2001082,,2026-04-27,,141288.0,Rentex,Rentex,,1600.0,220.0,80.0,80.0,,,One Way Logistics,,1300.0,APR 2026 INV,false,,,
2000518,,2026-04-29,,140358.0,Rentex,Rentex,,1150.0,192.5,57.5,57.5,,,Wesco Logistics,,900.0,APR 2026 INV,false,,,
2000519,,2026-04-29,,140358.0,Rentex,Rentex,,1150.0,242.5,57.5,57.5,,,Cutu LLC,,850.0,APR 2026 INV,false,,,
2000561,,2026-04-29,,110266.0,On Services,On Services,,6000.0,700.0,300.0,300.0,,,Landstar,,5000.0,APR 2026 INV,false,,,
2000722,,2026-04-29,,110428.0,On Services,On Services,,6250.0,687.5,312.5,312.5,,,Show Freight,,5250.0,APR 2026 INV,false,,,
2000731,,2026-04-29,,110426.0,On Services,On Services,,5750.0,2162.5,287.5,287.5,,,Gamboa Logistics,,3300.0,APR 2026 INV,false,,,
2000735,,2026-04-29,,110425.0,On Services,On Services,,5750.0,962.5,287.5,287.5,,,Landstar Rangers,,4500.0,APR 2026 INV,false,,,
2000804,,2026-04-29,,141901.0,Rentex,Rentex,,1150.0,142.5,57.5,57.5,,,Mendez Trucking,,950.0,APR 2026 INV,false,,,
2000897,,2026-04-29,,142171.0,Rentex,Rentex,,800.0,-190.0,40.0,40.0,,,Segna Transport,,950.0,APR 2026 INV,false,,,
2000932,,2026-04-29,,JKZT0000210,Insync Productions,InSync,,6800.0,160.0,340.0,340.0,,,Simon Logistics,,6300.0,APR 2026 INV,false,,,
2001076,,2026-04-29,,143001.0,Rentex,Rentex,,800.0,260.0,40.0,40.0,,,Havannah Transport,,500.0,APR 2026 INV,false,,,
2001156,,2026-04-29,,110999.0,On Services,On Services,,1200.0,640.0,60.0,60.0,,,Blessed Route Trans,,500.0,APR 2026 INV,false,,,
2001178,,2026-04-29,,,Insomniac,Insomniac,,1200.0,440.0,60.0,60.0,,,CPG Enterprises,,700.0,APR 2026 INV,false,,,
2001201,,2026-04-29,,,Ce,CE,,1.0,-249.0,0.05,0.0,,,O'Mander Courier Group,,250.0,APR 2026 INV,false,,,
2001261,,2026-04-29,,110428.0,On Services,On Services,,1100.0,245.0,55.0,55.0,,,BWP Logistics,,800.0,APR 2026 INV,false,,,
2000805,,2026-04-30,,483136.0,Rentex,Rentex,,1450.0,277.5,72.5,72.5,,,Memorial Logistics,,1100.0,APR 2026 INV,false,,,
2001183,,2026-04-30,,490764.0,Rentex,Rentex,,750.0,212.5,37.5,37.5,,,Florida Freight,,500.0,APR 2026 INV,false,,,
2001206,,2026-04-30,,509810.0,Rentex,Rentex,,650.0,-100.0,32.5,32.5,,,BM Flex,,717.5,APR 2026 INV,false,,,
2001232,,2026-04-30,,502764.0,Rentex,Rentex,,1000.0,250.0,50.0,50.0,,,Newman's Coast to Coast,,700.0,APR 2026 INV,false,,,
2001285,,2026-04-30,,123.0,Ironclad Environmental,Iron Clad,,1700.0,315.0,85.0,85.0,,,Castillos Trucking,,1300.0,APR 2026 INV,false,,,
2001287,,2026-04-30,,123.0,Ironclad Environmental,Iron Clad,,1700.0,415.0,85.0,85.0,,,Taking it Further Fast,,1200.0,APR 2026 INV,false,,,
2001327,,2026-04-30,,Power Only,Capacity Express,Capacity,,1.0,-299.05,0.05,0.05,,,OSR Enterprises,,300.0,APR 2026 INV,false,,,
2001309,,2026-04-30,,111175.0,On Services,On Services,,800.0,210.0,40.0,40.0,,,CBJ Trucking,,550.0,APR 2026 INV,false,,,
2000651,,2026-05-01,,PO#INV141316,Rentex,Rentex,,925.0,178.75,46.25,46.25,,,Lets Go Transport,,700.0,MAY 2026 INV,false,,,
2000721,,2026-05-01,,PO#INV141531,Rentex,Rentex,,600.0,120.0,30.0,30.0,,,Landsea Transportation,,450.0,MAY 2026 INV,false,,,
2000876,,2026-05-01,,PO#INV142134,Rentex,Rentex,,800.0,110.0,40.0,40.0,,,Barcon Enterprises,,650.0,MAY 2026 INV,false,,,
2000909,,2026-05-01,,PO#INV142203,Rentex,Rentex,,800.0,160.0,40.0,40.0,,,United Fleet,,600.0,MAY 2026 INV,false,,,
2001052,,2026-05-01,,PO#INV142894,Rentex,Rentex,,1150.0,192.5,57.5,57.5,,,Nigerian Chips,,900.0,MAY 2026 INV,false,,,
2001064,,2026-05-01,,PO#INV142971,Rentex,Rentex,,850.0,107.5,42.5,42.5,,,JGA Trucking,,700.0,MAY 2026 INV,false,,,
2001157,,2026-05-01,,110999.0,On Services,On Services,,1200.0,290.0,60.0,60.0,,,Sullens Transportation,,850.0,MAY 2026 INV,false,,,
2001264,,2026-05-01,,PO#INV143987,Rentex,Rentex,,900.0,180.0,45.0,45.0,,,Acies Transport,,675.0,MAY 2026 INV,false,,,
2001333,,2026-05-01,,111194.0,On Services,On Services,,1500.0,525.0,75.0,75.0,,,Show Freight,,900.0,MAY 2026 INV,false,,,
2001388,,2026-05-01,,PO#INV144318,Rentex,Rentex,,950.0,202.5,47.5,47.5,,,Virk Trans,,700.0,MAY 2026 INV,false,,,
2001208,,2026-05-08,,143778.0,Rentex,Rentex,,650.0,167.5,32.5,32.5,,,Axper LLC,,450.0,MAY 2026 INV,false,,,
2001004,,2026-05-08,,142705.0,Rentex,Rentex,,700.0,165.0,35.0,35.0,,,Acies Transport,,500.0,MAY 2026 INV,false,,,
2001233,,2026-05-08,,143889.0,Rentex,Rentex,,1000.0,250.0,50.0,50.0,,,United Eagles Trucking,,700.0,MAY 2026 INV,false,,,
2001503,,2026-05-08,,144655.0,Rentex,Rentex,,575.0,196.25,28.75,28.75,,,Acies Transport,,350.0,MAY 2026 INV,false,,,
2001490,,2026-05-08,,,Insomniac,Insomniac,,5500.0,225.0,275.0,275.0,,,Speedyrun,,5000.0,MAY 2026 INV,false,,,
2000386,,2026-05-11,,140657.0,Rentex,Rentex,,925.0,128.75,46.25,46.25,,,IPR Trucking,,750.0,MAY 2026 INV,false,,,
2001627,,2026-05-11,,145063.0,Rentex,Rentex,,1150.0,142.5,57.5,57.5,,,Eagle Prime,,950.0,MAY 2026 INV,false,,,
2001629,,2026-05-11,,145063.0,Rentex,Rentex,,1150.0,-7.5,57.5,57.5,,,Axper,,1100.0,MAY 2026 INV,false,,,
2000723,,2026-05-11,,141531.0,Rentex,Rentex,,700.0,165.0,35.0,35.0,,,Acies Transport,,500.0,MAY 2026 INV,false,,,
2001154,,2026-05-11,,143456.0,Rentex,Rentex,,725.0,238.75,36.25,36.25,,,Acies Transport,,450.0,MAY 2026 INV,false,,,
2000521,,2026-05-11,,140472.0,Rentex,Rentex,,975.0,176.25,48.75,48.75,,,Lets Go Transport,,750.0,MAY 2026 INV,false,,,
2001005,,2026-05-11,,142705.0,Rentex,Rentex,,700.0,165.0,35.0,35.0,,,Acies Transport,,500.0,MAY 2026 INV,false,,,
2001102,,2026-05-11,,143074.0,Rentex,Rentex,,875.0,-668.75,43.75,43.75,,,Safeway Truck Lines,,1500.0,MAY 2026 INV,false,,,
2001265,,2026-05-11,,143987.0,Rentex,Rentex,,900.0,180.0,45.0,45.0,,,Acies Transport,,675.0,MAY 2026 INV,false,,,
2001303,,2026-05-11,,144083.0,Rentex,Rentex,,1200.0,140.0,60.0,60.0,,,MMG Trucking,,1000.0,MAY 2026 INV,false,,,
2001336,,2026-05-11,,111194.0,On Services,On Services,,1500.0,425.0,75.0,75.0,,,Show Freight,,1000.0,MAY 2026 INV,false,,,
2001504,,2026-05-11,,144655.0,Rentex,Rentex,,575.0,196.25,28.75,28.75,,,Acies Transport,,350.0,MAY 2026 INV,false,,,
2001595,,2026-05-11,,145021.0,Rentex,Rentex,,800.0,260.0,40.0,40.0,,,Mkes Delivery,,500.0,MAY 2026 INV,false,,,
2001593,,2026-05-11,,72227.0,Freeman,Freeman,,3750.0,762.5,187.5,187.5,,,MTC Freight,,2800.0,MAY 2026 INV,false,,,
